"","Team1","Team2","Goal_Team_1","Goal_Team_2","Hasil"
"1","Real Madrid","Liverpool",1,0,"Team 1 Menang"
"2","Liverpool","Villarreal",2,0,"Team 1 Menang"
"3","Villarreal","Liverpool",2,3,"Team 2 Menang"
"4","Manchester City","Real Madrid",4,3,"Team 1 Menang"
"5","Real Madrid","Manchester City",3,1,"Team 1 Menang"
"6","Villarreal","Bayern Munich",1,0,"Team 1 Menang"
"7","Bayern Munich","Villarreal",1,1,"Imbang"
"8","Chelsea","Real Madrid",1,3,"Team 2 Menang"
"9","Real Madrid","Chelsea",2,3,"Team 2 Menang"
"10","Benfica","Liverpool",1,3,"Team 2 Menang"
"11","Liverpool","Benfica",3,3,"Imbang"
"12","Manchester City","Atlético Madrid",1,0,"Team 1 Menang"
"13","Atlético Madrid","Manchester City",0,0,"Imbang"
"14","RB Salzburg","Bayern Munich",1,1,"Imbang"
"15","Bayern Munich","RB Salzburg",7,1,"Team 1 Menang"
"16","Sporting CP","Manchester City",0,5,"Team 2 Menang"
"17","Manchester City","Sporting CP",0,0,"Imbang"
"18","Atlético Madrid","Manchester Utd",1,1,"Imbang"
"19","Manchester Utd","Atlético Madrid",0,1,"Team 2 Menang"
"20","Benfica","Ajax",2,2,"Imbang"
"21","Ajax","Benfica",0,1,"Team 2 Menang"
"22","Villarreal","Juventus",1,1,"Imbang"
"23","Juventus","Villarreal",0,3,"Team 2 Menang"
"24","Paris S-G","Real Madrid",1,0,"Team 1 Menang"
"25","Real Madrid","Paris S-G",3,1,"Team 1 Menang"
"26","Inter","Liverpool",0,2,"Team 2 Menang"
"27","Liverpool","Inter",0,1,"Team 2 Menang"
"28","Chelsea","Lille",2,0,"Team 1 Menang"
"29","Lille","Chelsea",1,2,"Team 2 Menang"
"30","Chelsea","Manchester City",1,0,"Team 1 Menang"
"31","Real Madrid","Chelsea",1,1,"Imbang"
"32","Chelsea","Real Madrid",2,0,"Team 1 Menang"
"33","Paris S-G","Manchester City",1,2,"Team 2 Menang"
"34","Manchester City","Paris S-G",2,0,"Team 1 Menang"
"35","Bayern Munich","Paris S-G",2,3,"Team 2 Menang"
"36","Paris S-G","Bayern Munich",0,1,"Team 2 Menang"
"37","Real Madrid","Liverpool",3,1,"Team 1 Menang"
"38","Liverpool","Real Madrid",0,0,"Imbang"
"39","Porto","Chelsea",0,2,"Team 2 Menang"
"40","Chelsea","Porto",0,1,"Team 2 Menang"
"41","Manchester City","Dortmund",2,1,"Team 1 Menang"
"42","Dortmund","Manchester City",1,2,"Team 2 Menang"
"43","Lazio","Bayern Munich",1,4,"Team 2 Menang"
"44","Bayern Munich","Lazio",2,1,"Team 1 Menang"
"45","Barcelona","Paris S-G",1,4,"Team 2 Menang"
"46","Paris S-G","Barcelona",1,1,"Imbang"
"47","M'Gladbach","Manchester City",0,2,"Team 2 Menang"
"48","Manchester City","M'Gladbach",2,0,"Team 1 Menang"
"49","Atalanta","Real Madrid",0,1,"Team 2 Menang"
"50","Real Madrid","Atalanta",3,1,"Team 1 Menang"
"51","Porto","Juventus",2,1,"Team 1 Menang"
"52","Juventus","Porto",3,2,"Team 1 Menang"
"53","RB Leipzig","Liverpool",0,2,"Team 2 Menang"
"54","Liverpool","RB Leipzig",2,0,"Team 1 Menang"
"55","Sevilla","Dortmund",2,3,"Team 2 Menang"
"56","Dortmund","Sevilla",2,2,"Imbang"
"57","Atlético Madrid","Chelsea",0,1,"Team 2 Menang"
"58","Chelsea","Atlético Madrid",2,0,"Team 1 Menang"
"59","Bayern Munich","Paris S-G",1,0,"Team 1 Menang"
"60","Chelsea","Bayern Munich",0,3,"Team 2 Menang"
"61","Bayern Munich","Chelsea",4,1,"Team 1 Menang"
"62","Napoli","Barcelona",1,1,"Imbang"
"63","Barcelona","Napoli",3,1,"Team 1 Menang"
"64","Tottenham","RB Leipzig",0,1,"Team 2 Menang"
"65","RB Leipzig","Tottenham",3,0,"Team 1 Menang"
"66","Real Madrid","Manchester City",1,2,"Team 2 Menang"
"67","Manchester City","Real Madrid",2,1,"Team 1 Menang"
"68","Atlético Madrid","Liverpool",1,0,"Team 1 Menang"
"69","Liverpool","Atlético Madrid",2,3,"Team 2 Menang"
"70","Atalanta","Valencia",4,1,"Team 1 Menang"
"71","Valencia","Atalanta",3,4,"Team 2 Menang"
"72","Dortmund","Paris S-G",2,1,"Team 1 Menang"
"73","Paris S-G","Dortmund",2,0,"Team 1 Menang"
"74","Lyon","Juventus",1,0,"Team 1 Menang"
"75","Juventus","Lyon",2,1,"Team 1 Menang"
"76","Liverpool","Tottenham",2,0,"Team 1 Menang"
"77","Tottenham","Ajax",0,1,"Team 2 Menang"
"78","Ajax","Tottenham",2,3,"Team 2 Menang"
"79","Barcelona","Liverpool",3,0,"Team 1 Menang"
"80","Liverpool","Barcelona",4,0,"Team 1 Menang"
"81","Manchester Utd","Barcelona",0,1,"Team 2 Menang"
"82","Barcelona","Manchester Utd",3,0,"Team 1 Menang"
"83","Ajax","Juventus",1,1,"Imbang"
"84","Juventus","Ajax",1,2,"Team 2 Menang"
"85","Tottenham","Manchester City",1,0,"Team 1 Menang"
"86","Manchester City","Tottenham",4,3,"Team 1 Menang"
"87","Liverpool","Porto",2,0,"Team 1 Menang"
"88","Porto","Liverpool",1,4,"Team 2 Menang"
"89","Liverpool","Bayern Munich",0,0,"Imbang"
"90","Bayern Munich","Liverpool",1,3,"Team 2 Menang"
"91","Manchester Utd","Paris S-G",0,2,"Team 2 Menang"
"92","Paris S-G","Manchester Utd",1,3,"Team 2 Menang"
"93","Ajax","Real Madrid",1,2,"Team 2 Menang"
"94","Real Madrid","Ajax",1,4,"Team 2 Menang"
"95","Lyon","Barcelona",0,0,"Imbang"
"96","Barcelona","Lyon",5,1,"Team 1 Menang"
"97","Tottenham","Dortmund",3,0,"Team 1 Menang"
"98","Dortmund","Tottenham",0,1,"Team 2 Menang"
"99","Roma","Porto",2,1,"Team 1 Menang"
"100","Porto","Roma",3,1,"Team 1 Menang"
"101","Schalke 04","Manchester City",2,3,"Team 2 Menang"
"102","Manchester City","Schalke 04",7,0,"Team 1 Menang"
"103","Atlético Madrid","Juventus",2,0,"Team 1 Menang"
"104","Juventus","Atlético Madrid",3,0,"Team 1 Menang"
"105","Real Madrid","Liverpool",3,1,"Team 1 Menang"
"106","Bayern Munich","Real Madrid",1,2,"Team 2 Menang"
"107","Real Madrid","Bayern Munich",2,2,"Imbang"
"108","Liverpool","Roma",5,2,"Team 1 Menang"
"109","Roma","Liverpool",4,2,"Team 1 Menang"
"110","Sevilla","Bayern Munich",1,2,"Team 2 Menang"
"111","Bayern Munich","Sevilla",0,0,"Imbang"
"112","Barcelona","Roma",4,1,"Team 1 Menang"
"113","Roma","Barcelona",3,0,"Team 1 Menang"
"114","Juventus","Real Madrid",0,3,"Team 2 Menang"
"115","Real Madrid","Juventus",1,3,"Team 2 Menang"
"116","Liverpool","Manchester City",3,0,"Team 1 Menang"
"117","Manchester City","Liverpool",1,2,"Team 2 Menang"
"118","Bayern Munich","Beşiktaş",5,0,"Team 1 Menang"
"119","Beşiktaş","Bayern Munich",1,3,"Team 2 Menang"
"120","Sevilla","Manchester Utd",0,0,"Imbang"
"121","Manchester Utd","Sevilla",1,2,"Team 2 Menang"
"122","Chelsea","Barcelona",1,1,"Imbang"
"123","Barcelona","Chelsea",3,0,"Team 1 Menang"
"124","Juventus","Tottenham",2,2,"Imbang"
"125","Tottenham","Juventus",1,2,"Team 2 Menang"
"126","Real Madrid","Paris S-G",3,1,"Team 1 Menang"
"127","Paris S-G","Real Madrid",1,2,"Team 2 Menang"
"128","Porto","Liverpool",0,5,"Team 2 Menang"
"129","Liverpool","Porto",0,0,"Imbang"
"130","Basel","Manchester City",0,4,"Team 2 Menang"
"131","Manchester City","Basel",1,2,"Team 2 Menang"
"132","Shakhtar","Roma",2,1,"Team 1 Menang"
"133","Roma","Shakhtar",1,0,"Team 1 Menang"
"134","Real Madrid","Juventus",4,1,"Team 1 Menang"
"135","Real Madrid","Atlético Madrid",3,0,"Team 1 Menang"
"136","Atlético Madrid","Real Madrid",2,1,"Team 1 Menang"
"137","Monaco","Juventus",0,2,"Team 2 Menang"
"138","Juventus","Monaco",2,1,"Team 1 Menang"
"139","Bayern Munich","Real Madrid",1,2,"Team 2 Menang"
"140","Real Madrid","Bayern Munich",4,2,"Team 1 Menang"
"141","Juventus","Barcelona",3,0,"Team 1 Menang"
"142","Barcelona","Juventus",0,0,"Imbang"
"143","Atlético Madrid","Leicester City",1,0,"Team 1 Menang"
"144","Leicester City","Atlético Madrid",1,1,"Imbang"
"145","Dortmund","Monaco",2,3,"Team 2 Menang"
"146","Monaco","Dortmund",3,1,"Team 1 Menang"
"147","Bayern Munich","Arsenal",5,1,"Team 1 Menang"
"148","Arsenal","Bayern Munich",1,5,"Team 2 Menang"
"149","Paris S-G","Barcelona",4,0,"Team 1 Menang"
"150","Barcelona","Paris S-G",6,1,"Team 1 Menang"
"151","Real Madrid","Napoli",3,1,"Team 1 Menang"
"152","Napoli","Real Madrid",1,3,"Team 2 Menang"
"153","Porto","Juventus",0,2,"Team 2 Menang"
"154","Juventus","Porto",1,0,"Team 1 Menang"
"155","Sevilla","Leicester City",2,1,"Team 1 Menang"
"156","Leicester City","Sevilla",2,0,"Team 1 Menang"
"157","Benfica","Dortmund",1,0,"Team 1 Menang"
"158","Dortmund","Benfica",4,0,"Team 1 Menang"
"159","Manchester City","Monaco",5,3,"Team 1 Menang"
"160","Monaco","Manchester City",3,1,"Team 1 Menang"
"161","Leverkusen","Atlético Madrid",2,4,"Team 2 Menang"
"162","Atlético Madrid","Leverkusen",0,0,"Imbang"
"163","Real Madrid","Atlético Madrid",1,1,"Imbang"
"164","Atlético Madrid","Bayern Munich",1,0,"Team 1 Menang"
"165","Bayern Munich","Atlético Madrid",2,1,"Team 1 Menang"
"166","Manchester City","Real Madrid",0,0,"Imbang"
"167","Real Madrid","Manchester City",1,0,"Team 1 Menang"
"168","Bayern Munich","Benfica",1,0,"Team 1 Menang"
"169","Benfica","Bayern Munich",2,2,"Imbang"
"170","Barcelona","Atlético Madrid",2,1,"Team 1 Menang"
"171","Atlético Madrid","Barcelona",2,0,"Team 1 Menang"
"172","Wolfsburg","Real Madrid",2,0,"Team 1 Menang"
"173","Real Madrid","Wolfsburg",3,0,"Team 1 Menang"
"174","Paris S-G","Manchester City",2,2,"Imbang"
"175","Manchester City","Paris S-G",1,0,"Team 1 Menang"
"176","Juventus","Bayern Munich",2,2,"Imbang"
"177","Bayern Munich","Juventus",4,2,"Team 1 Menang"
"178","Arsenal","Barcelona",0,2,"Team 2 Menang"
"179","Barcelona","Arsenal",3,1,"Team 1 Menang"
"180","Gent","Wolfsburg",2,3,"Team 2 Menang"
"181","Wolfsburg","Gent",1,0,"Team 1 Menang"
"182","Roma","Real Madrid",0,2,"Team 2 Menang"
"183","Real Madrid","Roma",2,0,"Team 1 Menang"
"184","Benfica","Zenit",1,0,"Team 1 Menang"
"185","Zenit","Benfica",1,2,"Team 2 Menang"
"186","Dynamo Kyiv","Manchester City",1,3,"Team 2 Menang"
"187","Manchester City","Dynamo Kyiv",0,0,"Imbang"
"188","Paris S-G","Chelsea",2,1,"Team 1 Menang"
"189","Chelsea","Paris S-G",1,2,"Team 2 Menang"
"190","PSV Eindhoven","Atlético Madrid",0,0,"Imbang"
"191","Atlético Madrid","PSV Eindhoven",0,0,"Imbang"
"192","Barcelona","Juventus",3,1,"Team 1 Menang"
"193","Barcelona","Bayern Munich",3,0,"Team 1 Menang"
"194","Bayern Munich","Barcelona",3,2,"Team 1 Menang"
"195","Juventus","Real Madrid",2,1,"Team 1 Menang"
"196","Real Madrid","Juventus",1,1,"Imbang"
"197","Porto","Bayern Munich",3,1,"Team 1 Menang"
"198","Bayern Munich","Porto",6,1,"Team 1 Menang"
"199","Paris S-G","Barcelona",1,3,"Team 2 Menang"
"200","Barcelona","Paris S-G",2,0,"Team 1 Menang"
"201","Atlético Madrid","Real Madrid",0,0,"Imbang"
"202","Real Madrid","Atlético Madrid",1,0,"Team 1 Menang"
"203","Juventus","Monaco",1,0,"Team 1 Menang"
"204","Monaco","Juventus",0,0,"Imbang"
"205","Shakhtar","Bayern Munich",0,0,"Imbang"
"206","Bayern Munich","Shakhtar",7,0,"Team 1 Menang"
"207","Arsenal","Monaco",1,3,"Team 2 Menang"
"208","Monaco","Arsenal",0,2,"Team 2 Menang"
"209","Manchester City","Barcelona",1,2,"Team 2 Menang"
"210","Barcelona","Manchester City",1,0,"Team 1 Menang"
"211","Schalke 04","Real Madrid",0,2,"Team 2 Menang"
"212","Real Madrid","Schalke 04",3,4,"Team 2 Menang"
"213","Basel","Porto",1,1,"Imbang"
"214","Porto","Basel",4,0,"Team 1 Menang"
"215","Juventus","Dortmund",2,1,"Team 1 Menang"
"216","Dortmund","Juventus",0,3,"Team 2 Menang"
"217","Leverkusen","Atlético Madrid",1,0,"Team 1 Menang"
"218","Atlético Madrid","Leverkusen",1,0,"Team 1 Menang"
"219","Paris S-G","Chelsea",1,1,"Imbang"
"220","Chelsea","Paris S-G",2,2,"Imbang"
"221","Real Madrid","Atlético Madrid",4,1,"Team 1 Menang"
"222","Real Madrid","Bayern Munich",1,0,"Team 1 Menang"
"223","Bayern Munich","Real Madrid",0,4,"Team 2 Menang"
"224","Atlético Madrid","Chelsea",0,0,"Imbang"
"225","Chelsea","Atlético Madrid",1,3,"Team 2 Menang"
"226","Manchester Utd","Bayern Munich",1,1,"Imbang"
"227","Bayern Munich","Manchester Utd",3,1,"Team 1 Menang"
"228","Barcelona","Atlético Madrid",1,1,"Imbang"
"229","Atlético Madrid","Barcelona",1,0,"Team 1 Menang"
"230","Real Madrid","Dortmund",3,0,"Team 1 Menang"
"231","Dortmund","Real Madrid",2,0,"Team 1 Menang"
"232","Paris S-G","Chelsea",3,1,"Team 1 Menang"
"233","Chelsea","Paris S-G",2,0,"Team 1 Menang"
"234","Arsenal","Bayern Munich",0,2,"Team 2 Menang"
"235","Bayern Munich","Arsenal",1,1,"Imbang"
"236","Olympiacos","Manchester Utd",2,0,"Team 1 Menang"
"237","Manchester Utd","Olympiacos",3,0,"Team 1 Menang"
"238","Manchester City","Barcelona",0,2,"Team 2 Menang"
"239","Barcelona","Manchester City",2,1,"Team 1 Menang"
"240","Schalke 04","Real Madrid",1,6,"Team 2 Menang"
"241","Real Madrid","Schalke 04",3,1,"Team 1 Menang"
"242","Zenit","Dortmund",2,4,"Team 2 Menang"
"243","Dortmund","Zenit",1,2,"Team 2 Menang"
"244","Leverkusen","Paris S-G",0,4,"Team 2 Menang"
"245","Paris S-G","Leverkusen",2,1,"Team 1 Menang"
"246","Galatasaray","Chelsea",1,1,"Imbang"
"247","Chelsea","Galatasaray",2,0,"Team 1 Menang"
"248","Milan","Atlético Madrid",0,1,"Team 2 Menang"
"249","Atlético Madrid","Milan",4,1,"Team 1 Menang"
"250","Bayern Munich","Dortmund",2,1,"Team 1 Menang"
"251","Bayern Munich","Barcelona",4,0,"Team 1 Menang"
"252","Barcelona","Bayern Munich",0,3,"Team 2 Menang"
"253","Dortmund","Real Madrid",4,1,"Team 1 Menang"
"254","Real Madrid","Dortmund",2,0,"Team 1 Menang"
"255","Bayern Munich","Juventus",2,0,"Team 1 Menang"
"256","Juventus","Bayern Munich",0,2,"Team 2 Menang"
"257","Málaga","Dortmund",0,0,"Imbang"
"258","Dortmund","Málaga",3,2,"Team 1 Menang"
"259","Paris S-G","Barcelona",2,2,"Imbang"
"260","Barcelona","Paris S-G",1,1,"Imbang"
"261","Real Madrid","Galatasaray",3,0,"Team 1 Menang"
"262","Galatasaray","Real Madrid",3,2,"Team 1 Menang"
"263","Arsenal","Bayern Munich",1,3,"Team 2 Menang"
"264","Bayern Munich","Arsenal",0,2,"Team 2 Menang"
"265","Real Madrid","Manchester Utd",1,1,"Imbang"
"266","Manchester Utd","Real Madrid",1,2,"Team 2 Menang"
"267","Porto","Málaga",1,0,"Team 1 Menang"
"268","Málaga","Porto",2,0,"Team 1 Menang"
"269","Milan","Barcelona",2,0,"Team 1 Menang"
"270","Barcelona","Milan",4,0,"Team 1 Menang"
"271","Shakhtar","Dortmund",2,2,"Imbang"
"272","Dortmund","Shakhtar",3,0,"Team 1 Menang"
"273","Celtic","Juventus",0,3,"Team 2 Menang"
"274","Juventus","Celtic",2,0,"Team 1 Menang"
"275","Galatasaray","Schalke 04",1,1,"Imbang"
"276","Schalke 04","Galatasaray",2,3,"Team 2 Menang"
"277","Valencia","Paris S-G",1,2,"Team 2 Menang"
"278","Paris S-G","Valencia",1,1,"Imbang"
"279","Chelsea","Bayern Munich",1,1,"Imbang"
"280","Bayern Munich","Real Madrid",2,1,"Team 1 Menang"
"281","Real Madrid","Bayern Munich",2,1,"Team 1 Menang"
"282","Chelsea","Barcelona",1,0,"Team 1 Menang"
"283","Barcelona","Chelsea",2,2,"Imbang"
"284","Marseille","Bayern Munich",0,2,"Team 2 Menang"
"285","Bayern Munich","Marseille",2,0,"Team 1 Menang"
"286","Milan","Barcelona",0,0,"Imbang"
"287","Barcelona","Milan",3,1,"Team 1 Menang"
"288","APOEL FC","Real Madrid",0,3,"Team 2 Menang"
"289","Real Madrid","APOEL FC",5,2,"Team 1 Menang"
"290","Benfica","Chelsea",0,1,"Team 2 Menang"
"291","Chelsea","Benfica",2,1,"Team 1 Menang"
"292","Basel","Bayern Munich",1,0,"Team 1 Menang"
"293","Bayern Munich","Basel",7,0,"Team 1 Menang"
"294","Milan","Arsenal",4,0,"Team 1 Menang"
"295","Arsenal","Milan",3,0,"Team 1 Menang"
"296","Leverkusen","Barcelona",1,3,"Team 2 Menang"
"297","Barcelona","Leverkusen",7,1,"Team 1 Menang"
"298","CSKA Moscow","Real Madrid",1,1,"Imbang"
"299","Real Madrid","CSKA Moscow",4,1,"Team 1 Menang"
"300","Marseille","Inter",1,0,"Team 1 Menang"
"301","Inter","Marseille",2,1,"Team 1 Menang"
"302","Zenit","Benfica",3,2,"Team 1 Menang"
"303","Benfica","Zenit",2,0,"Team 1 Menang"
"304","Napoli","Chelsea",3,1,"Team 1 Menang"
"305","Chelsea","Napoli",4,1,"Team 1 Menang"
"306","Lyon","APOEL FC",1,0,"Team 1 Menang"
"307","APOEL FC","Lyon",1,0,"Team 1 Menang"
"308","Barcelona","Manchester Utd",3,1,"Team 1 Menang"
"309","Schalke 04","Manchester Utd",0,2,"Team 2 Menang"
"310","Manchester Utd","Schalke 04",4,1,"Team 1 Menang"
"311","Real Madrid","Barcelona",0,2,"Team 2 Menang"
"312","Barcelona","Real Madrid",1,1,"Imbang"
"313","Chelsea","Manchester Utd",0,1,"Team 2 Menang"
"314","Manchester Utd","Chelsea",2,1,"Team 1 Menang"
"315","Barcelona","Shakhtar",5,1,"Team 1 Menang"
"316","Shakhtar","Barcelona",0,1,"Team 2 Menang"
"317","Real Madrid","Tottenham",4,0,"Team 1 Menang"
"318","Tottenham","Real Madrid",0,1,"Team 2 Menang"
"319","Inter","Schalke 04",2,5,"Team 2 Menang"
"320","Schalke 04","Inter",2,1,"Team 1 Menang"
"321","Inter","Bayern Munich",0,1,"Team 2 Menang"
"322","Bayern Munich","Inter",2,3,"Team 2 Menang"
"323","FC Copenhagen","Chelsea",0,2,"Team 2 Menang"
"324","Chelsea","FC Copenhagen",0,0,"Imbang"
"325","Arsenal","Barcelona",2,1,"Team 1 Menang"
"326","Barcelona","Arsenal",3,1,"Team 1 Menang"
"327","Marseille","Manchester Utd",0,0,"Imbang"
"328","Manchester Utd","Marseille",2,1,"Team 1 Menang"
"329","Milan","Tottenham",0,1,"Team 2 Menang"
"330","Tottenham","Milan",0,0,"Imbang"
"331","Lyon","Real Madrid",1,1,"Imbang"
"332","Real Madrid","Lyon",3,0,"Team 1 Menang"
"333","Valencia","Schalke 04",1,1,"Imbang"
"334","Schalke 04","Valencia",3,1,"Team 1 Menang"
"335","Roma","Shakhtar",2,3,"Team 2 Menang"
"336","Shakhtar","Roma",3,0,"Team 1 Menang"
"337","Inter","Bayern Munich",2,0,"Team 1 Menang"
"338","Bayern Munich","Lyon",1,0,"Team 1 Menang"
"339","Lyon","Bayern Munich",0,3,"Team 2 Menang"
"340","Inter","Barcelona",3,1,"Team 1 Menang"
"341","Barcelona","Inter",1,0,"Team 1 Menang"
"342","Bayern Munich","Manchester Utd",2,1,"Team 1 Menang"
"343","Manchester Utd","Bayern Munich",3,2,"Team 1 Menang"
"344","Lyon","Bordeaux",3,1,"Team 1 Menang"
"345","Bordeaux","Lyon",1,0,"Team 1 Menang"
"346","Arsenal","Barcelona",2,2,"Imbang"
"347","Barcelona","Arsenal",4,1,"Team 1 Menang"
"348","Inter","CSKA Moscow",1,0,"Team 1 Menang"
"349","CSKA Moscow","Inter",0,1,"Team 2 Menang"
"350","Bayern Munich","Fiorentina",2,1,"Team 1 Menang"
"351","Fiorentina","Bayern Munich",3,2,"Team 1 Menang"
"352","Olympiacos","Bordeaux",0,1,"Team 2 Menang"
"353","Bordeaux","Olympiacos",2,1,"Team 1 Menang"
"354","Porto","Arsenal",2,1,"Team 1 Menang"
"355","Arsenal","Porto",5,0,"Team 1 Menang"
"356","Milan","Manchester Utd",2,3,"Team 2 Menang"
"357","Manchester Utd","Milan",4,0,"Team 1 Menang"
"358","Stuttgart","Barcelona",1,1,"Imbang"
"359","Barcelona","Stuttgart",4,0,"Team 1 Menang"
"360","Lyon","Real Madrid",1,0,"Team 1 Menang"
"361","Real Madrid","Lyon",1,1,"Imbang"
"362","CSKA Moscow","Sevilla",1,1,"Imbang"
"363","Sevilla","CSKA Moscow",1,2,"Team 2 Menang"
"364","Inter","Chelsea",2,1,"Team 1 Menang"
"365","Chelsea","Inter",0,1,"Team 2 Menang"
"366","Barcelona","Manchester Utd",2,0,"Team 1 Menang"
"367","Manchester Utd","Arsenal",1,0,"Team 1 Menang"
"368","Arsenal","Manchester Utd",1,3,"Team 2 Menang"
"369","Barcelona","Chelsea",0,0,"Imbang"
"370","Chelsea","Barcelona",1,1,"Imbang"
"371","Barcelona","Bayern Munich",4,0,"Team 1 Menang"
"372","Bayern Munich","Barcelona",1,1,"Imbang"
"373","Villarreal","Arsenal",1,1,"Imbang"
"374","Arsenal","Villarreal",3,0,"Team 1 Menang"
"375","Manchester Utd","Porto",2,2,"Imbang"
"376","Porto","Manchester Utd",0,1,"Team 2 Menang"
"377","Liverpool","Chelsea",1,3,"Team 2 Menang"
"378","Chelsea","Liverpool",4,4,"Imbang"
"379","Sporting CP","Bayern Munich",0,5,"Team 2 Menang"
"380","Bayern Munich","Sporting CP",7,1,"Team 1 Menang"
"381","Arsenal","Roma",1,0,"Team 1 Menang"
"382","Roma","Arsenal",1,0,"Team 1 Menang"
"383","Inter","Manchester Utd",0,0,"Imbang"
"384","Manchester Utd","Inter",2,0,"Team 1 Menang"
"385","Lyon","Barcelona",1,1,"Imbang"
"386","Barcelona","Lyon",5,2,"Team 1 Menang"
"387","Villarreal","Panathinaikos",1,1,"Imbang"
"388","Panathinaikos","Villarreal",1,2,"Team 2 Menang"
"389","Real Madrid","Liverpool",0,1,"Team 2 Menang"
"390","Liverpool","Real Madrid",4,0,"Team 1 Menang"
"391","Atlético Madrid","Porto",2,2,"Imbang"
"392","Porto","Atlético Madrid",0,0,"Imbang"
"393","Chelsea","Juventus",1,0,"Team 1 Menang"
"394","Juventus","Chelsea",2,2,"Imbang"
"395","Manchester Utd","Chelsea",1,1,"Imbang"
"396","Barcelona","Manchester Utd",0,0,"Imbang"
"397","Manchester Utd","Barcelona",1,0,"Team 1 Menang"
"398","Liverpool","Chelsea",1,1,"Imbang"
"399","Chelsea","Liverpool",3,2,"Team 1 Menang"
"400","Arsenal","Liverpool",1,1,"Imbang"
"401","Liverpool","Arsenal",4,2,"Team 1 Menang"
"402","Roma","Manchester Utd",0,2,"Team 2 Menang"
"403","Manchester Utd","Roma",1,0,"Team 1 Menang"
"404","Schalke 04","Barcelona",0,1,"Team 2 Menang"
"405","Barcelona","Schalke 04",1,0,"Team 1 Menang"
"406","Fenerbahçe","Chelsea",2,1,"Team 1 Menang"
"407","Chelsea","Fenerbahçe",2,0,"Team 1 Menang"
"408","Arsenal","Milan",0,0,"Imbang"
"409","Milan","Arsenal",0,2,"Team 2 Menang"
"410","Lyon","Manchester Utd",1,1,"Imbang"
"411","Manchester Utd","Lyon",1,0,"Team 1 Menang"
"412","Celtic","Barcelona",2,3,"Team 2 Menang"
"413","Barcelona","Celtic",1,0,"Team 1 Menang"
"414","Olympiacos","Chelsea",0,0,"Imbang"
"415","Chelsea","Olympiacos",3,0,"Team 1 Menang"
"416","Roma","Real Madrid",2,1,"Team 1 Menang"
"417","Real Madrid","Roma",1,2,"Team 2 Menang"
"418","Schalke 04","Porto",1,0,"Team 1 Menang"
"419","Porto","Schalke 04",1,0,"Team 1 Menang"
"420","Liverpool","Inter",2,0,"Team 1 Menang"
"421","Inter","Liverpool",0,1,"Team 2 Menang"
"422","Fenerbahçe","Sevilla",3,2,"Team 1 Menang"
"423","Sevilla","Fenerbahçe",3,2,"Team 1 Menang"
"424","Milan","Liverpool",2,1,"Team 1 Menang"
"425","Manchester Utd","Milan",3,2,"Team 1 Menang"
"426","Milan","Manchester Utd",3,0,"Team 1 Menang"
"427","Chelsea","Liverpool",1,0,"Team 1 Menang"
"428","Liverpool","Chelsea",1,0,"Team 1 Menang"
"429","Milan","Bayern Munich",2,2,"Imbang"
"430","Bayern Munich","Milan",0,2,"Team 2 Menang"
"431","Roma","Manchester Utd",2,1,"Team 1 Menang"
"432","Manchester Utd","Roma",7,1,"Team 1 Menang"
"433","PSV Eindhoven","Liverpool",0,3,"Team 2 Menang"
"434","Liverpool","PSV Eindhoven",1,0,"Team 1 Menang"
"435","Chelsea","Valencia",1,1,"Imbang"
"436","Valencia","Chelsea",1,2,"Team 2 Menang"
"437","Real Madrid","Bayern Munich",3,2,"Team 1 Menang"
"438","Bayern Munich","Real Madrid",2,1,"Team 1 Menang"
"439","PSV Eindhoven","Arsenal",1,0,"Team 1 Menang"
"440","Arsenal","PSV Eindhoven",1,1,"Imbang"
"441","Lille","Manchester Utd",0,1,"Team 2 Menang"
"442","Manchester Utd","Lille",1,0,"Team 1 Menang"
"443","Barcelona","Liverpool",1,2,"Team 2 Menang"
"444","Liverpool","Barcelona",0,1,"Team 2 Menang"
"445","Porto","Chelsea",1,1,"Imbang"
"446","Chelsea","Porto",2,1,"Team 1 Menang"
"447","Celtic","Milan",0,0,"Imbang"
"448","Milan","Celtic",1,0,"Team 1 Menang"
"449","Roma","Lyon",0,0,"Imbang"
"450","Lyon","Roma",0,2,"Team 2 Menang"
"451","Inter","Valencia",2,2,"Imbang"
"452","Valencia","Inter",0,0,"Imbang"
"453","Barcelona","Arsenal",2,1,"Team 1 Menang"
"454","Arsenal","Villarreal",1,0,"Team 1 Menang"
"455","Villarreal","Arsenal",0,0,"Imbang"
"456","Milan","Barcelona",0,1,"Team 2 Menang"
"457","Barcelona","Milan",0,0,"Imbang"
"458","Arsenal","Juventus",2,0,"Team 1 Menang"
"459","Juventus","Arsenal",0,0,"Imbang"
"460","Benfica","Barcelona",0,0,"Imbang"
"461","Barcelona","Benfica",2,0,"Team 1 Menang"
"462","Inter","Villarreal",2,1,"Team 1 Menang"
"463","Villarreal","Inter",1,0,"Team 1 Menang"
"464","Lyon","Milan",0,0,"Imbang"
"465","Milan","Lyon",3,1,"Team 1 Menang"
"466","Bayern Munich","Milan",1,1,"Imbang"
"467","Milan","Bayern Munich",4,1,"Team 1 Menang"
"468","Real Madrid","Arsenal",0,1,"Team 2 Menang"
"469","Arsenal","Real Madrid",0,0,"Imbang"
"470","Ajax","Inter",2,2,"Imbang"
"471","Inter","Ajax",1,0,"Team 1 Menang"
"472","Chelsea","Barcelona",1,2,"Team 2 Menang"
"473","Barcelona","Chelsea",1,1,"Imbang"
"474","Rangers","Villarreal",2,2,"Imbang"
"475","Villarreal","Rangers",1,1,"Imbang"
"476","Werder Bremen","Juventus",3,2,"Team 1 Menang"
"477","Juventus","Werder Bremen",2,1,"Team 1 Menang"
"478","Benfica","Liverpool",1,0,"Team 1 Menang"
"479","Liverpool","Benfica",0,2,"Team 2 Menang"
"480","PSV Eindhoven","Lyon",0,1,"Team 2 Menang"
"481","Lyon","PSV Eindhoven",4,0,"Team 1 Menang"
"482","Liverpool","Milan",3,3,"Imbang"
"483","Chelsea","Liverpool",0,0,"Imbang"
"484","Liverpool","Chelsea",1,0,"Team 1 Menang"
"485","Milan","PSV Eindhoven",2,0,"Team 1 Menang"
"486","PSV Eindhoven","Milan",3,1,"Team 1 Menang"
"487","Chelsea","Bayern Munich",4,2,"Team 1 Menang"
"488","Bayern Munich","Chelsea",3,2,"Team 1 Menang"
"489","Liverpool","Juventus",2,1,"Team 1 Menang"
"490","Juventus","Liverpool",0,0,"Imbang"
"491","Lyon","PSV Eindhoven",1,1,"Imbang"
"492","PSV Eindhoven","Lyon",1,1,"Imbang"
"493","Milan","Inter",2,0,"Team 1 Menang"
"494","Inter","Milan",0,3,"Team 2 Menang"
"495","Bayern Munich","Arsenal",3,1,"Team 1 Menang"
"496","Arsenal","Bayern Munich",1,0,"Team 1 Menang"
"497","Manchester Utd","Milan",0,1,"Team 2 Menang"
"498","Milan","Manchester Utd",1,0,"Team 1 Menang"
"499","Barcelona","Chelsea",2,1,"Team 1 Menang"
"500","Chelsea","Barcelona",4,2,"Team 1 Menang"
"501","Real Madrid","Juventus",1,0,"Team 1 Menang"
"502","Juventus","Real Madrid",2,0,"Team 1 Menang"
"503","Porto","Inter",1,1,"Imbang"
"504","Inter","Porto",3,1,"Team 1 Menang"
"505","Werder Bremen","Lyon",0,3,"Team 2 Menang"
"506","Lyon","Werder Bremen",7,2,"Team 1 Menang"
"507","Liverpool","Leverkusen",3,1,"Team 1 Menang"
"508","Leverkusen","Liverpool",1,3,"Team 2 Menang"
"509","PSV Eindhoven","Monaco",1,0,"Team 1 Menang"
"510","Monaco","PSV Eindhoven",0,2,"Team 2 Menang"
"511","Porto","Monaco",3,0,"Team 1 Menang"
"512","Porto","La Coruña",0,0,"Imbang"
"513","La Coruña","Porto",0,1,"Team 2 Menang"
"514","Monaco","Chelsea",3,1,"Team 1 Menang"
"515","Chelsea","Monaco",2,2,"Imbang"
"516","Chelsea","Arsenal",1,1,"Imbang"
"517","Arsenal","Chelsea",1,2,"Team 2 Menang"
"518","Milan","La Coruña",4,1,"Team 1 Menang"
"519","La Coruña","Milan",4,0,"Team 1 Menang"
"520","Real Madrid","Monaco",4,2,"Team 1 Menang"
"521","Monaco","Real Madrid",3,1,"Team 1 Menang"
"522","Porto","Lyon",2,0,"Team 1 Menang"
"523","Lyon","Porto",2,2,"Imbang"
"524","Bayern Munich","Real Madrid",1,1,"Imbang"
"525","Real Madrid","Bayern Munich",1,0,"Team 1 Menang"
"526","Celta Vigo","Arsenal",2,3,"Team 2 Menang"
"527","Arsenal","Celta Vigo",2,0,"Team 1 Menang"
"528","Porto","Manchester Utd",2,1,"Team 1 Menang"
"529","Manchester Utd","Porto",1,1,"Imbang"
"530","La Coruña","Juventus",1,0,"Team 1 Menang"
"531","Juventus","La Coruña",0,1,"Team 2 Menang"
"532","Stuttgart","Chelsea",0,1,"Team 2 Menang"
"533","Chelsea","Stuttgart",0,0,"Imbang"
"534","Loko Moscow","Monaco",2,1,"Team 1 Menang"
"535","Monaco","Loko Moscow",1,0,"Team 1 Menang"
"536","Real Sociedad","Lyon",0,1,"Team 2 Menang"
"537","Lyon","Real Sociedad",1,0,"Team 1 Menang"
"538","Sparta Prague","Milan",0,0,"Imbang"
"539","Milan","Sparta Prague",4,1,"Team 1 Menang"
"540","Milan","Juventus",0,0,"Imbang"
"541","Real Madrid","Juventus",2,1,"Team 1 Menang"
"542","Juventus","Real Madrid",3,1,"Team 1 Menang"
"543","Milan","Inter",0,0,"Imbang"
"544","Inter","Milan",1,1,"Imbang"
"545","Real Madrid","Manchester Utd",3,1,"Team 1 Menang"
"546","Manchester Utd","Real Madrid",4,3,"Team 1 Menang"
"547","Ajax","Milan",0,0,"Imbang"
"548","Milan","Ajax",3,2,"Team 1 Menang"
"549","Juventus","Barcelona",1,1,"Imbang"
"550","Barcelona","Juventus",1,2,"Team 2 Menang"
"551","Inter","Valencia",1,0,"Team 1 Menang"
"552","Valencia","Inter",2,1,"Team 1 Menang"
"553","Real Madrid","Liverpool",1,0,"Team 1 Menang"
"554","Liverpool","Villarreal",2,0,"Team 1 Menang"
"555","Villarreal","Liverpool",2,3,"Team 2 Menang"
"556","Manchester City","Real Madrid",4,3,"Team 1 Menang"
"557","Real Madrid","Manchester City",3,1,"Team 1 Menang"
"558","Villarreal","Bayern Munich",1,0,"Team 1 Menang"
"559","Bayern Munich","Villarreal",1,1,"Imbang"
"560","Chelsea","Real Madrid",1,3,"Team 2 Menang"
"561","Real Madrid","Chelsea",2,3,"Team 2 Menang"
"562","Benfica","Liverpool",1,3,"Team 2 Menang"
"563","Liverpool","Benfica",3,3,"Imbang"
"564","Manchester City","Atlético Madrid",1,0,"Team 1 Menang"
"565","Atlético Madrid","Manchester City",0,0,"Imbang"
"566","RB Salzburg","Bayern Munich",1,1,"Imbang"
"567","Bayern Munich","RB Salzburg",7,1,"Team 1 Menang"
"568","Sporting CP","Manchester City",0,5,"Team 2 Menang"
"569","Manchester City","Sporting CP",0,0,"Imbang"
"570","Atlético Madrid","Manchester Utd",1,1,"Imbang"
"571","Manchester Utd","Atlético Madrid",0,1,"Team 2 Menang"
"572","Benfica","Ajax",2,2,"Imbang"
"573","Ajax","Benfica",0,1,"Team 2 Menang"
"574","Villarreal","Juventus",1,1,"Imbang"
"575","Juventus","Villarreal",0,3,"Team 2 Menang"
"576","Paris S-G","Real Madrid",1,0,"Team 1 Menang"
"577","Real Madrid","Paris S-G",3,1,"Team 1 Menang"
"578","Inter","Liverpool",0,2,"Team 2 Menang"
"579","Liverpool","Inter",0,1,"Team 2 Menang"
"580","Chelsea","Lille",2,0,"Team 1 Menang"
"581","Lille","Chelsea",1,2,"Team 2 Menang"
"582","Chelsea","Manchester City",1,0,"Team 1 Menang"
"583","Real Madrid","Chelsea",1,1,"Imbang"
"584","Chelsea","Real Madrid",2,0,"Team 1 Menang"
"585","Paris S-G","Manchester City",1,2,"Team 2 Menang"
"586","Manchester City","Paris S-G",2,0,"Team 1 Menang"
"587","Bayern Munich","Paris S-G",2,3,"Team 2 Menang"
"588","Paris S-G","Bayern Munich",0,1,"Team 2 Menang"
"589","Real Madrid","Liverpool",3,1,"Team 1 Menang"
"590","Liverpool","Real Madrid",0,0,"Imbang"
"591","Porto","Chelsea",0,2,"Team 2 Menang"
"592","Chelsea","Porto",0,1,"Team 2 Menang"
"593","Manchester City","Dortmund",2,1,"Team 1 Menang"
"594","Dortmund","Manchester City",1,2,"Team 2 Menang"
"595","Lazio","Bayern Munich",1,4,"Team 2 Menang"
"596","Bayern Munich","Lazio",2,1,"Team 1 Menang"
"597","Barcelona","Paris S-G",1,4,"Team 2 Menang"
"598","Paris S-G","Barcelona",1,1,"Imbang"
"599","M'Gladbach","Manchester City",0,2,"Team 2 Menang"
"600","Manchester City","M'Gladbach",2,0,"Team 1 Menang"
"601","Atalanta","Real Madrid",0,1,"Team 2 Menang"
"602","Real Madrid","Atalanta",3,1,"Team 1 Menang"
"603","Porto","Juventus",2,1,"Team 1 Menang"
"604","Juventus","Porto",3,2,"Team 1 Menang"
"605","RB Leipzig","Liverpool",0,2,"Team 2 Menang"
"606","Liverpool","RB Leipzig",2,0,"Team 1 Menang"
"607","Sevilla","Dortmund",2,3,"Team 2 Menang"
"608","Dortmund","Sevilla",2,2,"Imbang"
"609","Atlético Madrid","Chelsea",0,1,"Team 2 Menang"
"610","Chelsea","Atlético Madrid",2,0,"Team 1 Menang"
"611","Bayern Munich","Paris S-G",1,0,"Team 1 Menang"
"612","Chelsea","Bayern Munich",0,3,"Team 2 Menang"
"613","Bayern Munich","Chelsea",4,1,"Team 1 Menang"
"614","Napoli","Barcelona",1,1,"Imbang"
"615","Barcelona","Napoli",3,1,"Team 1 Menang"
"616","Tottenham","RB Leipzig",0,1,"Team 2 Menang"
"617","RB Leipzig","Tottenham",3,0,"Team 1 Menang"
"618","Real Madrid","Manchester City",1,2,"Team 2 Menang"
"619","Manchester City","Real Madrid",2,1,"Team 1 Menang"
"620","Atlético Madrid","Liverpool",1,0,"Team 1 Menang"
"621","Liverpool","Atlético Madrid",2,3,"Team 2 Menang"
"622","Atalanta","Valencia",4,1,"Team 1 Menang"
"623","Valencia","Atalanta",3,4,"Team 2 Menang"
"624","Dortmund","Paris S-G",2,1,"Team 1 Menang"
"625","Paris S-G","Dortmund",2,0,"Team 1 Menang"
"626","Lyon","Juventus",1,0,"Team 1 Menang"
"627","Juventus","Lyon",2,1,"Team 1 Menang"
"628","Liverpool","Tottenham",2,0,"Team 1 Menang"
"629","Tottenham","Ajax",0,1,"Team 2 Menang"
"630","Ajax","Tottenham",2,3,"Team 2 Menang"
"631","Barcelona","Liverpool",3,0,"Team 1 Menang"
"632","Liverpool","Barcelona",4,0,"Team 1 Menang"
"633","Manchester Utd","Barcelona",0,1,"Team 2 Menang"
"634","Barcelona","Manchester Utd",3,0,"Team 1 Menang"
"635","Ajax","Juventus",1,1,"Imbang"
"636","Juventus","Ajax",1,2,"Team 2 Menang"
"637","Tottenham","Manchester City",1,0,"Team 1 Menang"
"638","Manchester City","Tottenham",4,3,"Team 1 Menang"
"639","Liverpool","Porto",2,0,"Team 1 Menang"
"640","Porto","Liverpool",1,4,"Team 2 Menang"
"641","Liverpool","Bayern Munich",0,0,"Imbang"
"642","Bayern Munich","Liverpool",1,3,"Team 2 Menang"
"643","Manchester Utd","Paris S-G",0,2,"Team 2 Menang"
"644","Paris S-G","Manchester Utd",1,3,"Team 2 Menang"
"645","Ajax","Real Madrid",1,2,"Team 2 Menang"
"646","Real Madrid","Ajax",1,4,"Team 2 Menang"
"647","Lyon","Barcelona",0,0,"Imbang"
"648","Barcelona","Lyon",5,1,"Team 1 Menang"
"649","Tottenham","Dortmund",3,0,"Team 1 Menang"
"650","Dortmund","Tottenham",0,1,"Team 2 Menang"
"651","Roma","Porto",2,1,"Team 1 Menang"
"652","Porto","Roma",3,1,"Team 1 Menang"
"653","Schalke 04","Manchester City",2,3,"Team 2 Menang"
"654","Manchester City","Schalke 04",7,0,"Team 1 Menang"
"655","Atlético Madrid","Juventus",2,0,"Team 1 Menang"
"656","Juventus","Atlético Madrid",3,0,"Team 1 Menang"
"657","Real Madrid","Liverpool",3,1,"Team 1 Menang"
"658","Bayern Munich","Real Madrid",1,2,"Team 2 Menang"
"659","Real Madrid","Bayern Munich",2,2,"Imbang"
"660","Liverpool","Roma",5,2,"Team 1 Menang"
"661","Roma","Liverpool",4,2,"Team 1 Menang"
"662","Sevilla","Bayern Munich",1,2,"Team 2 Menang"
"663","Bayern Munich","Sevilla",0,0,"Imbang"
"664","Barcelona","Roma",4,1,"Team 1 Menang"
"665","Roma","Barcelona",3,0,"Team 1 Menang"
"666","Juventus","Real Madrid",0,3,"Team 2 Menang"
"667","Real Madrid","Juventus",1,3,"Team 2 Menang"
"668","Liverpool","Manchester City",3,0,"Team 1 Menang"
"669","Manchester City","Liverpool",1,2,"Team 2 Menang"
"670","Bayern Munich","Beşiktaş",5,0,"Team 1 Menang"
"671","Beşiktaş","Bayern Munich",1,3,"Team 2 Menang"
"672","Sevilla","Manchester Utd",0,0,"Imbang"
"673","Manchester Utd","Sevilla",1,2,"Team 2 Menang"
"674","Chelsea","Barcelona",1,1,"Imbang"
"675","Barcelona","Chelsea",3,0,"Team 1 Menang"
"676","Juventus","Tottenham",2,2,"Imbang"
"677","Tottenham","Juventus",1,2,"Team 2 Menang"
"678","Real Madrid","Paris S-G",3,1,"Team 1 Menang"
"679","Paris S-G","Real Madrid",1,2,"Team 2 Menang"
"680","Porto","Liverpool",0,5,"Team 2 Menang"
"681","Liverpool","Porto",0,0,"Imbang"
"682","Basel","Manchester City",0,4,"Team 2 Menang"
"683","Manchester City","Basel",1,2,"Team 2 Menang"
"684","Shakhtar","Roma",2,1,"Team 1 Menang"
"685","Roma","Shakhtar",1,0,"Team 1 Menang"
"686","Real Madrid","Juventus",4,1,"Team 1 Menang"
"687","Real Madrid","Atlético Madrid",3,0,"Team 1 Menang"
"688","Atlético Madrid","Real Madrid",2,1,"Team 1 Menang"
"689","Monaco","Juventus",0,2,"Team 2 Menang"
"690","Juventus","Monaco",2,1,"Team 1 Menang"
"691","Bayern Munich","Real Madrid",1,2,"Team 2 Menang"
"692","Real Madrid","Bayern Munich",4,2,"Team 1 Menang"
"693","Juventus","Barcelona",3,0,"Team 1 Menang"
"694","Barcelona","Juventus",0,0,"Imbang"
"695","Atlético Madrid","Leicester City",1,0,"Team 1 Menang"
"696","Leicester City","Atlético Madrid",1,1,"Imbang"
"697","Dortmund","Monaco",2,3,"Team 2 Menang"
"698","Monaco","Dortmund",3,1,"Team 1 Menang"
"699","Bayern Munich","Arsenal",5,1,"Team 1 Menang"
"700","Arsenal","Bayern Munich",1,5,"Team 2 Menang"
"701","Paris S-G","Barcelona",4,0,"Team 1 Menang"
"702","Barcelona","Paris S-G",6,1,"Team 1 Menang"
"703","Real Madrid","Napoli",3,1,"Team 1 Menang"
"704","Napoli","Real Madrid",1,3,"Team 2 Menang"
"705","Porto","Juventus",0,2,"Team 2 Menang"
"706","Juventus","Porto",1,0,"Team 1 Menang"
"707","Sevilla","Leicester City",2,1,"Team 1 Menang"
"708","Leicester City","Sevilla",2,0,"Team 1 Menang"
"709","Benfica","Dortmund",1,0,"Team 1 Menang"
"710","Dortmund","Benfica",4,0,"Team 1 Menang"
"711","Manchester City","Monaco",5,3,"Team 1 Menang"
"712","Monaco","Manchester City",3,1,"Team 1 Menang"
"713","Leverkusen","Atlético Madrid",2,4,"Team 2 Menang"
"714","Atlético Madrid","Leverkusen",0,0,"Imbang"
"715","Real Madrid","Atlético Madrid",1,1,"Imbang"
"716","Atlético Madrid","Bayern Munich",1,0,"Team 1 Menang"
"717","Bayern Munich","Atlético Madrid",2,1,"Team 1 Menang"
"718","Manchester City","Real Madrid",0,0,"Imbang"
"719","Real Madrid","Manchester City",1,0,"Team 1 Menang"
"720","Bayern Munich","Benfica",1,0,"Team 1 Menang"
"721","Benfica","Bayern Munich",2,2,"Imbang"
"722","Barcelona","Atlético Madrid",2,1,"Team 1 Menang"
"723","Atlético Madrid","Barcelona",2,0,"Team 1 Menang"
"724","Wolfsburg","Real Madrid",2,0,"Team 1 Menang"
"725","Real Madrid","Wolfsburg",3,0,"Team 1 Menang"
"726","Paris S-G","Manchester City",2,2,"Imbang"
"727","Manchester City","Paris S-G",1,0,"Team 1 Menang"
"728","Juventus","Bayern Munich",2,2,"Imbang"
"729","Bayern Munich","Juventus",4,2,"Team 1 Menang"
"730","Arsenal","Barcelona",0,2,"Team 2 Menang"
"731","Barcelona","Arsenal",3,1,"Team 1 Menang"
"732","Gent","Wolfsburg",2,3,"Team 2 Menang"
"733","Wolfsburg","Gent",1,0,"Team 1 Menang"
"734","Roma","Real Madrid",0,2,"Team 2 Menang"
"735","Real Madrid","Roma",2,0,"Team 1 Menang"
"736","Benfica","Zenit",1,0,"Team 1 Menang"
"737","Zenit","Benfica",1,2,"Team 2 Menang"
"738","Dynamo Kyiv","Manchester City",1,3,"Team 2 Menang"
"739","Manchester City","Dynamo Kyiv",0,0,"Imbang"
"740","Paris S-G","Chelsea",2,1,"Team 1 Menang"
"741","Chelsea","Paris S-G",1,2,"Team 2 Menang"
"742","PSV Eindhoven","Atlético Madrid",0,0,"Imbang"
"743","Atlético Madrid","PSV Eindhoven",0,0,"Imbang"
"744","Barcelona","Juventus",3,1,"Team 1 Menang"
"745","Barcelona","Bayern Munich",3,0,"Team 1 Menang"
"746","Bayern Munich","Barcelona",3,2,"Team 1 Menang"
"747","Juventus","Real Madrid",2,1,"Team 1 Menang"
"748","Real Madrid","Juventus",1,1,"Imbang"
"749","Porto","Bayern Munich",3,1,"Team 1 Menang"
"750","Bayern Munich","Porto",6,1,"Team 1 Menang"
"751","Paris S-G","Barcelona",1,3,"Team 2 Menang"
"752","Barcelona","Paris S-G",2,0,"Team 1 Menang"
"753","Atlético Madrid","Real Madrid",0,0,"Imbang"
"754","Real Madrid","Atlético Madrid",1,0,"Team 1 Menang"
"755","Juventus","Monaco",1,0,"Team 1 Menang"
"756","Monaco","Juventus",0,0,"Imbang"
"757","Shakhtar","Bayern Munich",0,0,"Imbang"
"758","Bayern Munich","Shakhtar",7,0,"Team 1 Menang"
"759","Arsenal","Monaco",1,3,"Team 2 Menang"
"760","Monaco","Arsenal",0,2,"Team 2 Menang"
"761","Manchester City","Barcelona",1,2,"Team 2 Menang"
"762","Barcelona","Manchester City",1,0,"Team 1 Menang"
"763","Schalke 04","Real Madrid",0,2,"Team 2 Menang"
"764","Real Madrid","Schalke 04",3,4,"Team 2 Menang"
"765","Basel","Porto",1,1,"Imbang"
"766","Porto","Basel",4,0,"Team 1 Menang"
"767","Juventus","Dortmund",2,1,"Team 1 Menang"
"768","Dortmund","Juventus",0,3,"Team 2 Menang"
"769","Leverkusen","Atlético Madrid",1,0,"Team 1 Menang"
"770","Atlético Madrid","Leverkusen",1,0,"Team 1 Menang"
"771","Paris S-G","Chelsea",1,1,"Imbang"
"772","Chelsea","Paris S-G",2,2,"Imbang"
"773","Real Madrid","Atlético Madrid",4,1,"Team 1 Menang"
"774","Real Madrid","Bayern Munich",1,0,"Team 1 Menang"
"775","Bayern Munich","Real Madrid",0,4,"Team 2 Menang"
"776","Atlético Madrid","Chelsea",0,0,"Imbang"
"777","Chelsea","Atlético Madrid",1,3,"Team 2 Menang"
"778","Manchester Utd","Bayern Munich",1,1,"Imbang"
"779","Bayern Munich","Manchester Utd",3,1,"Team 1 Menang"
"780","Barcelona","Atlético Madrid",1,1,"Imbang"
"781","Atlético Madrid","Barcelona",1,0,"Team 1 Menang"
"782","Real Madrid","Dortmund",3,0,"Team 1 Menang"
"783","Dortmund","Real Madrid",2,0,"Team 1 Menang"
"784","Paris S-G","Chelsea",3,1,"Team 1 Menang"
"785","Chelsea","Paris S-G",2,0,"Team 1 Menang"
"786","Arsenal","Bayern Munich",0,2,"Team 2 Menang"
"787","Bayern Munich","Arsenal",1,1,"Imbang"
"788","Olympiacos","Manchester Utd",2,0,"Team 1 Menang"
"789","Manchester Utd","Olympiacos",3,0,"Team 1 Menang"
"790","Manchester City","Barcelona",0,2,"Team 2 Menang"
"791","Barcelona","Manchester City",2,1,"Team 1 Menang"
"792","Schalke 04","Real Madrid",1,6,"Team 2 Menang"
"793","Real Madrid","Schalke 04",3,1,"Team 1 Menang"
"794","Zenit","Dortmund",2,4,"Team 2 Menang"
"795","Dortmund","Zenit",1,2,"Team 2 Menang"
"796","Leverkusen","Paris S-G",0,4,"Team 2 Menang"
"797","Paris S-G","Leverkusen",2,1,"Team 1 Menang"
"798","Galatasaray","Chelsea",1,1,"Imbang"
"799","Chelsea","Galatasaray",2,0,"Team 1 Menang"
"800","Milan","Atlético Madrid",0,1,"Team 2 Menang"
"801","Atlético Madrid","Milan",4,1,"Team 1 Menang"
"802","Bayern Munich","Dortmund",2,1,"Team 1 Menang"
"803","Bayern Munich","Barcelona",4,0,"Team 1 Menang"
"804","Barcelona","Bayern Munich",0,3,"Team 2 Menang"
"805","Dortmund","Real Madrid",4,1,"Team 1 Menang"
"806","Real Madrid","Dortmund",2,0,"Team 1 Menang"
"807","Bayern Munich","Juventus",2,0,"Team 1 Menang"
"808","Juventus","Bayern Munich",0,2,"Team 2 Menang"
"809","Málaga","Dortmund",0,0,"Imbang"
"810","Dortmund","Málaga",3,2,"Team 1 Menang"
"811","Paris S-G","Barcelona",2,2,"Imbang"
"812","Barcelona","Paris S-G",1,1,"Imbang"
"813","Real Madrid","Galatasaray",3,0,"Team 1 Menang"
"814","Galatasaray","Real Madrid",3,2,"Team 1 Menang"
"815","Arsenal","Bayern Munich",1,3,"Team 2 Menang"
"816","Bayern Munich","Arsenal",0,2,"Team 2 Menang"
"817","Real Madrid","Manchester Utd",1,1,"Imbang"
"818","Manchester Utd","Real Madrid",1,2,"Team 2 Menang"
"819","Porto","Málaga",1,0,"Team 1 Menang"
"820","Málaga","Porto",2,0,"Team 1 Menang"
"821","Milan","Barcelona",2,0,"Team 1 Menang"
"822","Barcelona","Milan",4,0,"Team 1 Menang"
"823","Shakhtar","Dortmund",2,2,"Imbang"
"824","Dortmund","Shakhtar",3,0,"Team 1 Menang"
"825","Celtic","Juventus",0,3,"Team 2 Menang"
"826","Juventus","Celtic",2,0,"Team 1 Menang"
"827","Galatasaray","Schalke 04",1,1,"Imbang"
"828","Schalke 04","Galatasaray",2,3,"Team 2 Menang"
"829","Valencia","Paris S-G",1,2,"Team 2 Menang"
"830","Paris S-G","Valencia",1,1,"Imbang"
"831","Chelsea","Bayern Munich",1,1,"Imbang"
"832","Bayern Munich","Real Madrid",2,1,"Team 1 Menang"
"833","Real Madrid","Bayern Munich",2,1,"Team 1 Menang"
"834","Chelsea","Barcelona",1,0,"Team 1 Menang"
"835","Barcelona","Chelsea",2,2,"Imbang"
"836","Marseille","Bayern Munich",0,2,"Team 2 Menang"
"837","Bayern Munich","Marseille",2,0,"Team 1 Menang"
"838","Milan","Barcelona",0,0,"Imbang"
"839","Barcelona","Milan",3,1,"Team 1 Menang"
"840","APOEL FC","Real Madrid",0,3,"Team 2 Menang"
"841","Real Madrid","APOEL FC",5,2,"Team 1 Menang"
"842","Benfica","Chelsea",0,1,"Team 2 Menang"
"843","Chelsea","Benfica",2,1,"Team 1 Menang"
"844","Basel","Bayern Munich",1,0,"Team 1 Menang"
"845","Bayern Munich","Basel",7,0,"Team 1 Menang"
"846","Milan","Arsenal",4,0,"Team 1 Menang"
"847","Arsenal","Milan",3,0,"Team 1 Menang"
"848","Leverkusen","Barcelona",1,3,"Team 2 Menang"
"849","Barcelona","Leverkusen",7,1,"Team 1 Menang"
"850","CSKA Moscow","Real Madrid",1,1,"Imbang"
"851","Real Madrid","CSKA Moscow",4,1,"Team 1 Menang"
"852","Marseille","Inter",1,0,"Team 1 Menang"
"853","Inter","Marseille",2,1,"Team 1 Menang"
"854","Zenit","Benfica",3,2,"Team 1 Menang"
"855","Benfica","Zenit",2,0,"Team 1 Menang"
"856","Napoli","Chelsea",3,1,"Team 1 Menang"
"857","Chelsea","Napoli",4,1,"Team 1 Menang"
"858","Lyon","APOEL FC",1,0,"Team 1 Menang"
"859","APOEL FC","Lyon",1,0,"Team 1 Menang"
"860","Barcelona","Manchester Utd",3,1,"Team 1 Menang"
"861","Schalke 04","Manchester Utd",0,2,"Team 2 Menang"
"862","Manchester Utd","Schalke 04",4,1,"Team 1 Menang"
"863","Real Madrid","Barcelona",0,2,"Team 2 Menang"
"864","Barcelona","Real Madrid",1,1,"Imbang"
"865","Chelsea","Manchester Utd",0,1,"Team 2 Menang"
"866","Manchester Utd","Chelsea",2,1,"Team 1 Menang"
"867","Barcelona","Shakhtar",5,1,"Team 1 Menang"
"868","Shakhtar","Barcelona",0,1,"Team 2 Menang"
"869","Real Madrid","Tottenham",4,0,"Team 1 Menang"
"870","Tottenham","Real Madrid",0,1,"Team 2 Menang"
"871","Inter","Schalke 04",2,5,"Team 2 Menang"
"872","Schalke 04","Inter",2,1,"Team 1 Menang"
"873","Inter","Bayern Munich",0,1,"Team 2 Menang"
"874","Bayern Munich","Inter",2,3,"Team 2 Menang"
"875","FC Copenhagen","Chelsea",0,2,"Team 2 Menang"
"876","Chelsea","FC Copenhagen",0,0,"Imbang"
"877","Arsenal","Barcelona",2,1,"Team 1 Menang"
"878","Barcelona","Arsenal",3,1,"Team 1 Menang"
"879","Marseille","Manchester Utd",0,0,"Imbang"
"880","Manchester Utd","Marseille",2,1,"Team 1 Menang"
"881","Milan","Tottenham",0,1,"Team 2 Menang"
"882","Tottenham","Milan",0,0,"Imbang"
"883","Lyon","Real Madrid",1,1,"Imbang"
"884","Real Madrid","Lyon",3,0,"Team 1 Menang"
"885","Valencia","Schalke 04",1,1,"Imbang"
"886","Schalke 04","Valencia",3,1,"Team 1 Menang"
"887","Roma","Shakhtar",2,3,"Team 2 Menang"
"888","Shakhtar","Roma",3,0,"Team 1 Menang"
"889","Inter","Bayern Munich",2,0,"Team 1 Menang"
"890","Bayern Munich","Lyon",1,0,"Team 1 Menang"
"891","Lyon","Bayern Munich",0,3,"Team 2 Menang"
"892","Inter","Barcelona",3,1,"Team 1 Menang"
"893","Barcelona","Inter",1,0,"Team 1 Menang"
"894","Bayern Munich","Manchester Utd",2,1,"Team 1 Menang"
"895","Manchester Utd","Bayern Munich",3,2,"Team 1 Menang"
"896","Lyon","Bordeaux",3,1,"Team 1 Menang"
"897","Bordeaux","Lyon",1,0,"Team 1 Menang"
"898","Arsenal","Barcelona",2,2,"Imbang"
"899","Barcelona","Arsenal",4,1,"Team 1 Menang"
"900","Inter","CSKA Moscow",1,0,"Team 1 Menang"
"901","CSKA Moscow","Inter",0,1,"Team 2 Menang"
"902","Bayern Munich","Fiorentina",2,1,"Team 1 Menang"
"903","Fiorentina","Bayern Munich",3,2,"Team 1 Menang"
"904","Olympiacos","Bordeaux",0,1,"Team 2 Menang"
"905","Bordeaux","Olympiacos",2,1,"Team 1 Menang"
"906","Porto","Arsenal",2,1,"Team 1 Menang"
"907","Arsenal","Porto",5,0,"Team 1 Menang"
"908","Milan","Manchester Utd",2,3,"Team 2 Menang"
"909","Manchester Utd","Milan",4,0,"Team 1 Menang"
"910","Stuttgart","Barcelona",1,1,"Imbang"
"911","Barcelona","Stuttgart",4,0,"Team 1 Menang"
"912","Lyon","Real Madrid",1,0,"Team 1 Menang"
"913","Real Madrid","Lyon",1,1,"Imbang"
"914","CSKA Moscow","Sevilla",1,1,"Imbang"
"915","Sevilla","CSKA Moscow",1,2,"Team 2 Menang"
"916","Inter","Chelsea",2,1,"Team 1 Menang"
"917","Chelsea","Inter",0,1,"Team 2 Menang"
"918","Barcelona","Manchester Utd",2,0,"Team 1 Menang"
"919","Manchester Utd","Arsenal",1,0,"Team 1 Menang"
"920","Arsenal","Manchester Utd",1,3,"Team 2 Menang"
"921","Barcelona","Chelsea",0,0,"Imbang"
"922","Chelsea","Barcelona",1,1,"Imbang"
"923","Barcelona","Bayern Munich",4,0,"Team 1 Menang"
"924","Bayern Munich","Barcelona",1,1,"Imbang"
"925","Villarreal","Arsenal",1,1,"Imbang"
"926","Arsenal","Villarreal",3,0,"Team 1 Menang"
"927","Manchester Utd","Porto",2,2,"Imbang"
"928","Porto","Manchester Utd",0,1,"Team 2 Menang"
"929","Liverpool","Chelsea",1,3,"Team 2 Menang"
"930","Chelsea","Liverpool",4,4,"Imbang"
"931","Sporting CP","Bayern Munich",0,5,"Team 2 Menang"
"932","Bayern Munich","Sporting CP",7,1,"Team 1 Menang"
"933","Arsenal","Roma",1,0,"Team 1 Menang"
"934","Roma","Arsenal",1,0,"Team 1 Menang"
"935","Inter","Manchester Utd",0,0,"Imbang"
"936","Manchester Utd","Inter",2,0,"Team 1 Menang"
"937","Lyon","Barcelona",1,1,"Imbang"
"938","Barcelona","Lyon",5,2,"Team 1 Menang"
"939","Villarreal","Panathinaikos",1,1,"Imbang"
"940","Panathinaikos","Villarreal",1,2,"Team 2 Menang"
"941","Real Madrid","Liverpool",0,1,"Team 2 Menang"
"942","Liverpool","Real Madrid",4,0,"Team 1 Menang"
"943","Atlético Madrid","Porto",2,2,"Imbang"
"944","Porto","Atlético Madrid",0,0,"Imbang"
"945","Chelsea","Juventus",1,0,"Team 1 Menang"
"946","Juventus","Chelsea",2,2,"Imbang"
"947","Manchester Utd","Chelsea",1,1,"Imbang"
"948","Barcelona","Manchester Utd",0,0,"Imbang"
"949","Manchester Utd","Barcelona",1,0,"Team 1 Menang"
"950","Liverpool","Chelsea",1,1,"Imbang"
"951","Chelsea","Liverpool",3,2,"Team 1 Menang"
"952","Arsenal","Liverpool",1,1,"Imbang"
"953","Liverpool","Arsenal",4,2,"Team 1 Menang"
"954","Roma","Manchester Utd",0,2,"Team 2 Menang"
"955","Manchester Utd","Roma",1,0,"Team 1 Menang"
"956","Schalke 04","Barcelona",0,1,"Team 2 Menang"
"957","Barcelona","Schalke 04",1,0,"Team 1 Menang"
"958","Fenerbahçe","Chelsea",2,1,"Team 1 Menang"
"959","Chelsea","Fenerbahçe",2,0,"Team 1 Menang"
"960","Arsenal","Milan",0,0,"Imbang"
"961","Milan","Arsenal",0,2,"Team 2 Menang"
"962","Lyon","Manchester Utd",1,1,"Imbang"
"963","Manchester Utd","Lyon",1,0,"Team 1 Menang"
"964","Celtic","Barcelona",2,3,"Team 2 Menang"
"965","Barcelona","Celtic",1,0,"Team 1 Menang"
"966","Olympiacos","Chelsea",0,0,"Imbang"
"967","Chelsea","Olympiacos",3,0,"Team 1 Menang"
"968","Roma","Real Madrid",2,1,"Team 1 Menang"
"969","Real Madrid","Roma",1,2,"Team 2 Menang"
"970","Schalke 04","Porto",1,0,"Team 1 Menang"
"971","Porto","Schalke 04",1,0,"Team 1 Menang"
"972","Liverpool","Inter",2,0,"Team 1 Menang"
"973","Inter","Liverpool",0,1,"Team 2 Menang"
"974","Fenerbahçe","Sevilla",3,2,"Team 1 Menang"
"975","Sevilla","Fenerbahçe",3,2,"Team 1 Menang"
"976","Milan","Liverpool",2,1,"Team 1 Menang"
"977","Manchester Utd","Milan",3,2,"Team 1 Menang"
"978","Milan","Manchester Utd",3,0,"Team 1 Menang"
"979","Chelsea","Liverpool",1,0,"Team 1 Menang"
"980","Liverpool","Chelsea",1,0,"Team 1 Menang"
"981","Milan","Bayern Munich",2,2,"Imbang"
"982","Bayern Munich","Milan",0,2,"Team 2 Menang"
"983","Roma","Manchester Utd",2,1,"Team 1 Menang"
"984","Manchester Utd","Roma",7,1,"Team 1 Menang"
"985","PSV Eindhoven","Liverpool",0,3,"Team 2 Menang"
"986","Liverpool","PSV Eindhoven",1,0,"Team 1 Menang"
"987","Chelsea","Valencia",1,1,"Imbang"
"988","Valencia","Chelsea",1,2,"Team 2 Menang"
"989","Real Madrid","Bayern Munich",3,2,"Team 1 Menang"
"990","Bayern Munich","Real Madrid",2,1,"Team 1 Menang"
"991","PSV Eindhoven","Arsenal",1,0,"Team 1 Menang"
"992","Arsenal","PSV Eindhoven",1,1,"Imbang"
"993","Lille","Manchester Utd",0,1,"Team 2 Menang"
"994","Manchester Utd","Lille",1,0,"Team 1 Menang"
"995","Barcelona","Liverpool",1,2,"Team 2 Menang"
"996","Liverpool","Barcelona",0,1,"Team 2 Menang"
"997","Porto","Chelsea",1,1,"Imbang"
"998","Chelsea","Porto",2,1,"Team 1 Menang"
"999","Celtic","Milan",0,0,"Imbang"
"1000","Milan","Celtic",1,0,"Team 1 Menang"
"1001","Roma","Lyon",0,0,"Imbang"
"1002","Lyon","Roma",0,2,"Team 2 Menang"
"1003","Inter","Valencia",2,2,"Imbang"
"1004","Valencia","Inter",0,0,"Imbang"
"1005","Barcelona","Arsenal",2,1,"Team 1 Menang"
"1006","Arsenal","Villarreal",1,0,"Team 1 Menang"
"1007","Villarreal","Arsenal",0,0,"Imbang"
"1008","Milan","Barcelona",0,1,"Team 2 Menang"
"1009","Barcelona","Milan",0,0,"Imbang"
"1010","Arsenal","Juventus",2,0,"Team 1 Menang"
"1011","Juventus","Arsenal",0,0,"Imbang"
"1012","Benfica","Barcelona",0,0,"Imbang"
"1013","Barcelona","Benfica",2,0,"Team 1 Menang"
"1014","Inter","Villarreal",2,1,"Team 1 Menang"
"1015","Villarreal","Inter",1,0,"Team 1 Menang"
"1016","Lyon","Milan",0,0,"Imbang"
"1017","Milan","Lyon",3,1,"Team 1 Menang"
"1018","Bayern Munich","Milan",1,1,"Imbang"
"1019","Milan","Bayern Munich",4,1,"Team 1 Menang"
"1020","Real Madrid","Arsenal",0,1,"Team 2 Menang"
"1021","Arsenal","Real Madrid",0,0,"Imbang"
"1022","Ajax","Inter",2,2,"Imbang"
"1023","Inter","Ajax",1,0,"Team 1 Menang"
"1024","Chelsea","Barcelona",1,2,"Team 2 Menang"
"1025","Barcelona","Chelsea",1,1,"Imbang"
"1026","Rangers","Villarreal",2,2,"Imbang"
"1027","Villarreal","Rangers",1,1,"Imbang"
"1028","Werder Bremen","Juventus",3,2,"Team 1 Menang"
"1029","Juventus","Werder Bremen",2,1,"Team 1 Menang"
"1030","Benfica","Liverpool",1,0,"Team 1 Menang"
"1031","Liverpool","Benfica",0,2,"Team 2 Menang"
"1032","PSV Eindhoven","Lyon",0,1,"Team 2 Menang"
"1033","Lyon","PSV Eindhoven",4,0,"Team 1 Menang"
"1034","Liverpool","Milan",3,3,"Imbang"
"1035","Chelsea","Liverpool",0,0,"Imbang"
"1036","Liverpool","Chelsea",1,0,"Team 1 Menang"
"1037","Milan","PSV Eindhoven",2,0,"Team 1 Menang"
"1038","PSV Eindhoven","Milan",3,1,"Team 1 Menang"
"1039","Chelsea","Bayern Munich",4,2,"Team 1 Menang"
"1040","Bayern Munich","Chelsea",3,2,"Team 1 Menang"
"1041","Liverpool","Juventus",2,1,"Team 1 Menang"
"1042","Juventus","Liverpool",0,0,"Imbang"
"1043","Lyon","PSV Eindhoven",1,1,"Imbang"
"1044","PSV Eindhoven","Lyon",1,1,"Imbang"
"1045","Milan","Inter",2,0,"Team 1 Menang"
"1046","Inter","Milan",0,3,"Team 2 Menang"
"1047","Bayern Munich","Arsenal",3,1,"Team 1 Menang"
"1048","Arsenal","Bayern Munich",1,0,"Team 1 Menang"
"1049","Manchester Utd","Milan",0,1,"Team 2 Menang"
"1050","Milan","Manchester Utd",1,0,"Team 1 Menang"
"1051","Barcelona","Chelsea",2,1,"Team 1 Menang"
"1052","Chelsea","Barcelona",4,2,"Team 1 Menang"
"1053","Real Madrid","Juventus",1,0,"Team 1 Menang"
"1054","Juventus","Real Madrid",2,0,"Team 1 Menang"
"1055","Porto","Inter",1,1,"Imbang"
"1056","Inter","Porto",3,1,"Team 1 Menang"
"1057","Werder Bremen","Lyon",0,3,"Team 2 Menang"
"1058","Lyon","Werder Bremen",7,2,"Team 1 Menang"
"1059","Liverpool","Leverkusen",3,1,"Team 1 Menang"
"1060","Leverkusen","Liverpool",1,3,"Team 2 Menang"
"1061","PSV Eindhoven","Monaco",1,0,"Team 1 Menang"
"1062","Monaco","PSV Eindhoven",0,2,"Team 2 Menang"
"1063","Porto","Monaco",3,0,"Team 1 Menang"
"1064","Porto","La Coruña",0,0,"Imbang"
"1065","La Coruña","Porto",0,1,"Team 2 Menang"
"1066","Monaco","Chelsea",3,1,"Team 1 Menang"
"1067","Chelsea","Monaco",2,2,"Imbang"
"1068","Chelsea","Arsenal",1,1,"Imbang"
"1069","Arsenal","Chelsea",1,2,"Team 2 Menang"
"1070","Milan","La Coruña",4,1,"Team 1 Menang"
"1071","La Coruña","Milan",4,0,"Team 1 Menang"
"1072","Real Madrid","Monaco",4,2,"Team 1 Menang"
"1073","Monaco","Real Madrid",3,1,"Team 1 Menang"
"1074","Porto","Lyon",2,0,"Team 1 Menang"
"1075","Lyon","Porto",2,2,"Imbang"
"1076","Bayern Munich","Real Madrid",1,1,"Imbang"
"1077","Real Madrid","Bayern Munich",1,0,"Team 1 Menang"
"1078","Celta Vigo","Arsenal",2,3,"Team 2 Menang"
"1079","Arsenal","Celta Vigo",2,0,"Team 1 Menang"
"1080","Porto","Manchester Utd",2,1,"Team 1 Menang"
"1081","Manchester Utd","Porto",1,1,"Imbang"
"1082","La Coruña","Juventus",1,0,"Team 1 Menang"
"1083","Juventus","La Coruña",0,1,"Team 2 Menang"
"1084","Stuttgart","Chelsea",0,1,"Team 2 Menang"
"1085","Chelsea","Stuttgart",0,0,"Imbang"
"1086","Loko Moscow","Monaco",2,1,"Team 1 Menang"
"1087","Monaco","Loko Moscow",1,0,"Team 1 Menang"
"1088","Real Sociedad","Lyon",0,1,"Team 2 Menang"
"1089","Lyon","Real Sociedad",1,0,"Team 1 Menang"
"1090","Sparta Prague","Milan",0,0,"Imbang"
"1091","Milan","Sparta Prague",4,1,"Team 1 Menang"
"1092","Milan","Juventus",0,0,"Imbang"
"1093","Real Madrid","Juventus",2,1,"Team 1 Menang"
"1094","Juventus","Real Madrid",3,1,"Team 1 Menang"
"1095","Milan","Inter",0,0,"Imbang"
"1096","Inter","Milan",1,1,"Imbang"
"1097","Real Madrid","Manchester Utd",3,1,"Team 1 Menang"
"1098","Manchester Utd","Real Madrid",4,3,"Team 1 Menang"
"1099","Ajax","Milan",0,0,"Imbang"
"1100","Milan","Ajax",3,2,"Team 1 Menang"
"1101","Juventus","Barcelona",1,1,"Imbang"
"1102","Barcelona","Juventus",1,2,"Team 2 Menang"
"1103","Inter","Valencia",1,0,"Team 1 Menang"
"1104","Valencia","Inter",2,1,"Team 1 Menang"
"1105","Real Madrid","Liverpool",1,0,"Team 1 Menang"
"1106","Liverpool","Villarreal",2,0,"Team 1 Menang"
"1107","Villarreal","Liverpool",2,3,"Team 2 Menang"
"1108","Manchester City","Real Madrid",4,3,"Team 1 Menang"
"1109","Real Madrid","Manchester City",3,1,"Team 1 Menang"
"1110","Villarreal","Bayern Munich",1,0,"Team 1 Menang"
"1111","Bayern Munich","Villarreal",1,1,"Imbang"
"1112","Chelsea","Real Madrid",1,3,"Team 2 Menang"
"1113","Real Madrid","Chelsea",2,3,"Team 2 Menang"
"1114","Benfica","Liverpool",1,3,"Team 2 Menang"
"1115","Liverpool","Benfica",3,3,"Imbang"
"1116","Manchester City","Atlético Madrid",1,0,"Team 1 Menang"
"1117","Atlético Madrid","Manchester City",0,0,"Imbang"
"1118","RB Salzburg","Bayern Munich",1,1,"Imbang"
"1119","Bayern Munich","RB Salzburg",7,1,"Team 1 Menang"
"1120","Sporting CP","Manchester City",0,5,"Team 2 Menang"
"1121","Manchester City","Sporting CP",0,0,"Imbang"
"1122","Atlético Madrid","Manchester Utd",1,1,"Imbang"
"1123","Manchester Utd","Atlético Madrid",0,1,"Team 2 Menang"
"1124","Benfica","Ajax",2,2,"Imbang"
"1125","Ajax","Benfica",0,1,"Team 2 Menang"
"1126","Villarreal","Juventus",1,1,"Imbang"
"1127","Juventus","Villarreal",0,3,"Team 2 Menang"
"1128","Paris S-G","Real Madrid",1,0,"Team 1 Menang"
"1129","Real Madrid","Paris S-G",3,1,"Team 1 Menang"
"1130","Inter","Liverpool",0,2,"Team 2 Menang"
"1131","Liverpool","Inter",0,1,"Team 2 Menang"
"1132","Chelsea","Lille",2,0,"Team 1 Menang"
"1133","Lille","Chelsea",1,2,"Team 2 Menang"
"1134","Chelsea","Manchester City",1,0,"Team 1 Menang"
"1135","Real Madrid","Chelsea",1,1,"Imbang"
"1136","Chelsea","Real Madrid",2,0,"Team 1 Menang"
"1137","Paris S-G","Manchester City",1,2,"Team 2 Menang"
"1138","Manchester City","Paris S-G",2,0,"Team 1 Menang"
"1139","Bayern Munich","Paris S-G",2,3,"Team 2 Menang"
"1140","Paris S-G","Bayern Munich",0,1,"Team 2 Menang"
"1141","Real Madrid","Liverpool",3,1,"Team 1 Menang"
"1142","Liverpool","Real Madrid",0,0,"Imbang"
"1143","Porto","Chelsea",0,2,"Team 2 Menang"
"1144","Chelsea","Porto",0,1,"Team 2 Menang"
"1145","Manchester City","Dortmund",2,1,"Team 1 Menang"
"1146","Dortmund","Manchester City",1,2,"Team 2 Menang"
"1147","Lazio","Bayern Munich",1,4,"Team 2 Menang"
"1148","Bayern Munich","Lazio",2,1,"Team 1 Menang"
"1149","Barcelona","Paris S-G",1,4,"Team 2 Menang"
"1150","Paris S-G","Barcelona",1,1,"Imbang"
"1151","M'Gladbach","Manchester City",0,2,"Team 2 Menang"
"1152","Manchester City","M'Gladbach",2,0,"Team 1 Menang"
"1153","Atalanta","Real Madrid",0,1,"Team 2 Menang"
"1154","Real Madrid","Atalanta",3,1,"Team 1 Menang"
"1155","Porto","Juventus",2,1,"Team 1 Menang"
"1156","Juventus","Porto",3,2,"Team 1 Menang"
"1157","RB Leipzig","Liverpool",0,2,"Team 2 Menang"
"1158","Liverpool","RB Leipzig",2,0,"Team 1 Menang"
"1159","Sevilla","Dortmund",2,3,"Team 2 Menang"
"1160","Dortmund","Sevilla",2,2,"Imbang"
"1161","Atlético Madrid","Chelsea",0,1,"Team 2 Menang"
"1162","Chelsea","Atlético Madrid",2,0,"Team 1 Menang"
"1163","Bayern Munich","Paris S-G",1,0,"Team 1 Menang"
"1164","Chelsea","Bayern Munich",0,3,"Team 2 Menang"
"1165","Bayern Munich","Chelsea",4,1,"Team 1 Menang"
"1166","Napoli","Barcelona",1,1,"Imbang"
"1167","Barcelona","Napoli",3,1,"Team 1 Menang"
"1168","Tottenham","RB Leipzig",0,1,"Team 2 Menang"
"1169","RB Leipzig","Tottenham",3,0,"Team 1 Menang"
"1170","Real Madrid","Manchester City",1,2,"Team 2 Menang"
"1171","Manchester City","Real Madrid",2,1,"Team 1 Menang"
"1172","Atlético Madrid","Liverpool",1,0,"Team 1 Menang"
"1173","Liverpool","Atlético Madrid",2,3,"Team 2 Menang"
"1174","Atalanta","Valencia",4,1,"Team 1 Menang"
"1175","Valencia","Atalanta",3,4,"Team 2 Menang"
"1176","Dortmund","Paris S-G",2,1,"Team 1 Menang"
"1177","Paris S-G","Dortmund",2,0,"Team 1 Menang"
"1178","Lyon","Juventus",1,0,"Team 1 Menang"
"1179","Juventus","Lyon",2,1,"Team 1 Menang"
"1180","Liverpool","Tottenham",2,0,"Team 1 Menang"
"1181","Tottenham","Ajax",0,1,"Team 2 Menang"
"1182","Ajax","Tottenham",2,3,"Team 2 Menang"
"1183","Barcelona","Liverpool",3,0,"Team 1 Menang"
"1184","Liverpool","Barcelona",4,0,"Team 1 Menang"
"1185","Manchester Utd","Barcelona",0,1,"Team 2 Menang"
"1186","Barcelona","Manchester Utd",3,0,"Team 1 Menang"
"1187","Ajax","Juventus",1,1,"Imbang"
"1188","Juventus","Ajax",1,2,"Team 2 Menang"
"1189","Tottenham","Manchester City",1,0,"Team 1 Menang"
"1190","Manchester City","Tottenham",4,3,"Team 1 Menang"
"1191","Liverpool","Porto",2,0,"Team 1 Menang"
"1192","Porto","Liverpool",1,4,"Team 2 Menang"
"1193","Liverpool","Bayern Munich",0,0,"Imbang"
"1194","Bayern Munich","Liverpool",1,3,"Team 2 Menang"
"1195","Manchester Utd","Paris S-G",0,2,"Team 2 Menang"
"1196","Paris S-G","Manchester Utd",1,3,"Team 2 Menang"
"1197","Ajax","Real Madrid",1,2,"Team 2 Menang"
"1198","Real Madrid","Ajax",1,4,"Team 2 Menang"
"1199","Lyon","Barcelona",0,0,"Imbang"
"1200","Barcelona","Lyon",5,1,"Team 1 Menang"
"1201","Tottenham","Dortmund",3,0,"Team 1 Menang"
"1202","Dortmund","Tottenham",0,1,"Team 2 Menang"
"1203","Roma","Porto",2,1,"Team 1 Menang"
"1204","Porto","Roma",3,1,"Team 1 Menang"
"1205","Schalke 04","Manchester City",2,3,"Team 2 Menang"
"1206","Manchester City","Schalke 04",7,0,"Team 1 Menang"
"1207","Atlético Madrid","Juventus",2,0,"Team 1 Menang"
"1208","Juventus","Atlético Madrid",3,0,"Team 1 Menang"
"1209","Real Madrid","Liverpool",3,1,"Team 1 Menang"
"1210","Bayern Munich","Real Madrid",1,2,"Team 2 Menang"
"1211","Real Madrid","Bayern Munich",2,2,"Imbang"
"1212","Liverpool","Roma",5,2,"Team 1 Menang"
"1213","Roma","Liverpool",4,2,"Team 1 Menang"
"1214","Sevilla","Bayern Munich",1,2,"Team 2 Menang"
"1215","Bayern Munich","Sevilla",0,0,"Imbang"
"1216","Barcelona","Roma",4,1,"Team 1 Menang"
"1217","Roma","Barcelona",3,0,"Team 1 Menang"
"1218","Juventus","Real Madrid",0,3,"Team 2 Menang"
"1219","Real Madrid","Juventus",1,3,"Team 2 Menang"
"1220","Liverpool","Manchester City",3,0,"Team 1 Menang"
"1221","Manchester City","Liverpool",1,2,"Team 2 Menang"
"1222","Bayern Munich","Beşiktaş",5,0,"Team 1 Menang"
"1223","Beşiktaş","Bayern Munich",1,3,"Team 2 Menang"
"1224","Sevilla","Manchester Utd",0,0,"Imbang"
"1225","Manchester Utd","Sevilla",1,2,"Team 2 Menang"
"1226","Chelsea","Barcelona",1,1,"Imbang"
"1227","Barcelona","Chelsea",3,0,"Team 1 Menang"
"1228","Juventus","Tottenham",2,2,"Imbang"
"1229","Tottenham","Juventus",1,2,"Team 2 Menang"
"1230","Real Madrid","Paris S-G",3,1,"Team 1 Menang"
"1231","Paris S-G","Real Madrid",1,2,"Team 2 Menang"
"1232","Porto","Liverpool",0,5,"Team 2 Menang"
"1233","Liverpool","Porto",0,0,"Imbang"
"1234","Basel","Manchester City",0,4,"Team 2 Menang"
"1235","Manchester City","Basel",1,2,"Team 2 Menang"
"1236","Shakhtar","Roma",2,1,"Team 1 Menang"
"1237","Roma","Shakhtar",1,0,"Team 1 Menang"
"1238","Real Madrid","Juventus",4,1,"Team 1 Menang"
"1239","Real Madrid","Atlético Madrid",3,0,"Team 1 Menang"
"1240","Atlético Madrid","Real Madrid",2,1,"Team 1 Menang"
"1241","Monaco","Juventus",0,2,"Team 2 Menang"
"1242","Juventus","Monaco",2,1,"Team 1 Menang"
"1243","Bayern Munich","Real Madrid",1,2,"Team 2 Menang"
"1244","Real Madrid","Bayern Munich",4,2,"Team 1 Menang"
"1245","Juventus","Barcelona",3,0,"Team 1 Menang"
"1246","Barcelona","Juventus",0,0,"Imbang"
"1247","Atlético Madrid","Leicester City",1,0,"Team 1 Menang"
"1248","Leicester City","Atlético Madrid",1,1,"Imbang"
"1249","Dortmund","Monaco",2,3,"Team 2 Menang"
"1250","Monaco","Dortmund",3,1,"Team 1 Menang"
"1251","Bayern Munich","Arsenal",5,1,"Team 1 Menang"
"1252","Arsenal","Bayern Munich",1,5,"Team 2 Menang"
"1253","Paris S-G","Barcelona",4,0,"Team 1 Menang"
"1254","Barcelona","Paris S-G",6,1,"Team 1 Menang"
"1255","Real Madrid","Napoli",3,1,"Team 1 Menang"
"1256","Napoli","Real Madrid",1,3,"Team 2 Menang"
"1257","Porto","Juventus",0,2,"Team 2 Menang"
"1258","Juventus","Porto",1,0,"Team 1 Menang"
"1259","Sevilla","Leicester City",2,1,"Team 1 Menang"
"1260","Leicester City","Sevilla",2,0,"Team 1 Menang"
"1261","Benfica","Dortmund",1,0,"Team 1 Menang"
"1262","Dortmund","Benfica",4,0,"Team 1 Menang"
"1263","Manchester City","Monaco",5,3,"Team 1 Menang"
"1264","Monaco","Manchester City",3,1,"Team 1 Menang"
"1265","Leverkusen","Atlético Madrid",2,4,"Team 2 Menang"
"1266","Atlético Madrid","Leverkusen",0,0,"Imbang"
"1267","Real Madrid","Atlético Madrid",1,1,"Imbang"
"1268","Atlético Madrid","Bayern Munich",1,0,"Team 1 Menang"
"1269","Bayern Munich","Atlético Madrid",2,1,"Team 1 Menang"
"1270","Manchester City","Real Madrid",0,0,"Imbang"
"1271","Real Madrid","Manchester City",1,0,"Team 1 Menang"
"1272","Bayern Munich","Benfica",1,0,"Team 1 Menang"
"1273","Benfica","Bayern Munich",2,2,"Imbang"
"1274","Barcelona","Atlético Madrid",2,1,"Team 1 Menang"
"1275","Atlético Madrid","Barcelona",2,0,"Team 1 Menang"
"1276","Wolfsburg","Real Madrid",2,0,"Team 1 Menang"
"1277","Real Madrid","Wolfsburg",3,0,"Team 1 Menang"
"1278","Paris S-G","Manchester City",2,2,"Imbang"
"1279","Manchester City","Paris S-G",1,0,"Team 1 Menang"
"1280","Juventus","Bayern Munich",2,2,"Imbang"
"1281","Bayern Munich","Juventus",4,2,"Team 1 Menang"
"1282","Arsenal","Barcelona",0,2,"Team 2 Menang"
"1283","Barcelona","Arsenal",3,1,"Team 1 Menang"
"1284","Gent","Wolfsburg",2,3,"Team 2 Menang"
"1285","Wolfsburg","Gent",1,0,"Team 1 Menang"
"1286","Roma","Real Madrid",0,2,"Team 2 Menang"
"1287","Real Madrid","Roma",2,0,"Team 1 Menang"
"1288","Benfica","Zenit",1,0,"Team 1 Menang"
"1289","Zenit","Benfica",1,2,"Team 2 Menang"
"1290","Dynamo Kyiv","Manchester City",1,3,"Team 2 Menang"
"1291","Manchester City","Dynamo Kyiv",0,0,"Imbang"
"1292","Paris S-G","Chelsea",2,1,"Team 1 Menang"
"1293","Chelsea","Paris S-G",1,2,"Team 2 Menang"
"1294","PSV Eindhoven","Atlético Madrid",0,0,"Imbang"
"1295","Atlético Madrid","PSV Eindhoven",0,0,"Imbang"
"1296","Barcelona","Juventus",3,1,"Team 1 Menang"
"1297","Barcelona","Bayern Munich",3,0,"Team 1 Menang"
"1298","Bayern Munich","Barcelona",3,2,"Team 1 Menang"
"1299","Juventus","Real Madrid",2,1,"Team 1 Menang"
"1300","Real Madrid","Juventus",1,1,"Imbang"
"1301","Porto","Bayern Munich",3,1,"Team 1 Menang"
"1302","Bayern Munich","Porto",6,1,"Team 1 Menang"
"1303","Paris S-G","Barcelona",1,3,"Team 2 Menang"
"1304","Barcelona","Paris S-G",2,0,"Team 1 Menang"
"1305","Atlético Madrid","Real Madrid",0,0,"Imbang"
"1306","Real Madrid","Atlético Madrid",1,0,"Team 1 Menang"
"1307","Juventus","Monaco",1,0,"Team 1 Menang"
"1308","Monaco","Juventus",0,0,"Imbang"
"1309","Shakhtar","Bayern Munich",0,0,"Imbang"
"1310","Bayern Munich","Shakhtar",7,0,"Team 1 Menang"
"1311","Arsenal","Monaco",1,3,"Team 2 Menang"
"1312","Monaco","Arsenal",0,2,"Team 2 Menang"
"1313","Manchester City","Barcelona",1,2,"Team 2 Menang"
"1314","Barcelona","Manchester City",1,0,"Team 1 Menang"
"1315","Schalke 04","Real Madrid",0,2,"Team 2 Menang"
"1316","Real Madrid","Schalke 04",3,4,"Team 2 Menang"
"1317","Basel","Porto",1,1,"Imbang"
"1318","Porto","Basel",4,0,"Team 1 Menang"
"1319","Juventus","Dortmund",2,1,"Team 1 Menang"
"1320","Dortmund","Juventus",0,3,"Team 2 Menang"
"1321","Leverkusen","Atlético Madrid",1,0,"Team 1 Menang"
"1322","Atlético Madrid","Leverkusen",1,0,"Team 1 Menang"
"1323","Paris S-G","Chelsea",1,1,"Imbang"
"1324","Chelsea","Paris S-G",2,2,"Imbang"
"1325","Real Madrid","Atlético Madrid",4,1,"Team 1 Menang"
"1326","Real Madrid","Bayern Munich",1,0,"Team 1 Menang"
"1327","Bayern Munich","Real Madrid",0,4,"Team 2 Menang"
"1328","Atlético Madrid","Chelsea",0,0,"Imbang"
"1329","Chelsea","Atlético Madrid",1,3,"Team 2 Menang"
"1330","Manchester Utd","Bayern Munich",1,1,"Imbang"
"1331","Bayern Munich","Manchester Utd",3,1,"Team 1 Menang"
"1332","Barcelona","Atlético Madrid",1,1,"Imbang"
"1333","Atlético Madrid","Barcelona",1,0,"Team 1 Menang"
"1334","Real Madrid","Dortmund",3,0,"Team 1 Menang"
"1335","Dortmund","Real Madrid",2,0,"Team 1 Menang"
"1336","Paris S-G","Chelsea",3,1,"Team 1 Menang"
"1337","Chelsea","Paris S-G",2,0,"Team 1 Menang"
"1338","Arsenal","Bayern Munich",0,2,"Team 2 Menang"
"1339","Bayern Munich","Arsenal",1,1,"Imbang"
"1340","Olympiacos","Manchester Utd",2,0,"Team 1 Menang"
"1341","Manchester Utd","Olympiacos",3,0,"Team 1 Menang"
"1342","Manchester City","Barcelona",0,2,"Team 2 Menang"
"1343","Barcelona","Manchester City",2,1,"Team 1 Menang"
"1344","Schalke 04","Real Madrid",1,6,"Team 2 Menang"
"1345","Real Madrid","Schalke 04",3,1,"Team 1 Menang"
"1346","Zenit","Dortmund",2,4,"Team 2 Menang"
"1347","Dortmund","Zenit",1,2,"Team 2 Menang"
"1348","Leverkusen","Paris S-G",0,4,"Team 2 Menang"
"1349","Paris S-G","Leverkusen",2,1,"Team 1 Menang"
"1350","Galatasaray","Chelsea",1,1,"Imbang"
"1351","Chelsea","Galatasaray",2,0,"Team 1 Menang"
"1352","Milan","Atlético Madrid",0,1,"Team 2 Menang"
"1353","Atlético Madrid","Milan",4,1,"Team 1 Menang"
"1354","Bayern Munich","Dortmund",2,1,"Team 1 Menang"
"1355","Bayern Munich","Barcelona",4,0,"Team 1 Menang"
"1356","Barcelona","Bayern Munich",0,3,"Team 2 Menang"
"1357","Dortmund","Real Madrid",4,1,"Team 1 Menang"
"1358","Real Madrid","Dortmund",2,0,"Team 1 Menang"
"1359","Bayern Munich","Juventus",2,0,"Team 1 Menang"
"1360","Juventus","Bayern Munich",0,2,"Team 2 Menang"
"1361","Málaga","Dortmund",0,0,"Imbang"
"1362","Dortmund","Málaga",3,2,"Team 1 Menang"
"1363","Paris S-G","Barcelona",2,2,"Imbang"
"1364","Barcelona","Paris S-G",1,1,"Imbang"
"1365","Real Madrid","Galatasaray",3,0,"Team 1 Menang"
"1366","Galatasaray","Real Madrid",3,2,"Team 1 Menang"
"1367","Arsenal","Bayern Munich",1,3,"Team 2 Menang"
"1368","Bayern Munich","Arsenal",0,2,"Team 2 Menang"
"1369","Real Madrid","Manchester Utd",1,1,"Imbang"
"1370","Manchester Utd","Real Madrid",1,2,"Team 2 Menang"
"1371","Porto","Málaga",1,0,"Team 1 Menang"
"1372","Málaga","Porto",2,0,"Team 1 Menang"
"1373","Milan","Barcelona",2,0,"Team 1 Menang"
"1374","Barcelona","Milan",4,0,"Team 1 Menang"
"1375","Shakhtar","Dortmund",2,2,"Imbang"
"1376","Dortmund","Shakhtar",3,0,"Team 1 Menang"
"1377","Celtic","Juventus",0,3,"Team 2 Menang"
"1378","Juventus","Celtic",2,0,"Team 1 Menang"
"1379","Galatasaray","Schalke 04",1,1,"Imbang"
"1380","Schalke 04","Galatasaray",2,3,"Team 2 Menang"
"1381","Valencia","Paris S-G",1,2,"Team 2 Menang"
"1382","Paris S-G","Valencia",1,1,"Imbang"
"1383","Chelsea","Bayern Munich",1,1,"Imbang"
"1384","Bayern Munich","Real Madrid",2,1,"Team 1 Menang"
"1385","Real Madrid","Bayern Munich",2,1,"Team 1 Menang"
"1386","Chelsea","Barcelona",1,0,"Team 1 Menang"
"1387","Barcelona","Chelsea",2,2,"Imbang"
"1388","Marseille","Bayern Munich",0,2,"Team 2 Menang"
"1389","Bayern Munich","Marseille",2,0,"Team 1 Menang"
"1390","Milan","Barcelona",0,0,"Imbang"
"1391","Barcelona","Milan",3,1,"Team 1 Menang"
"1392","APOEL FC","Real Madrid",0,3,"Team 2 Menang"
"1393","Real Madrid","APOEL FC",5,2,"Team 1 Menang"
"1394","Benfica","Chelsea",0,1,"Team 2 Menang"
"1395","Chelsea","Benfica",2,1,"Team 1 Menang"
"1396","Basel","Bayern Munich",1,0,"Team 1 Menang"
"1397","Bayern Munich","Basel",7,0,"Team 1 Menang"
"1398","Milan","Arsenal",4,0,"Team 1 Menang"
"1399","Arsenal","Milan",3,0,"Team 1 Menang"
"1400","Leverkusen","Barcelona",1,3,"Team 2 Menang"
"1401","Barcelona","Leverkusen",7,1,"Team 1 Menang"
"1402","CSKA Moscow","Real Madrid",1,1,"Imbang"
"1403","Real Madrid","CSKA Moscow",4,1,"Team 1 Menang"
"1404","Marseille","Inter",1,0,"Team 1 Menang"
"1405","Inter","Marseille",2,1,"Team 1 Menang"
"1406","Zenit","Benfica",3,2,"Team 1 Menang"
"1407","Benfica","Zenit",2,0,"Team 1 Menang"
"1408","Napoli","Chelsea",3,1,"Team 1 Menang"
"1409","Chelsea","Napoli",4,1,"Team 1 Menang"
"1410","Lyon","APOEL FC",1,0,"Team 1 Menang"
"1411","APOEL FC","Lyon",1,0,"Team 1 Menang"
"1412","Barcelona","Manchester Utd",3,1,"Team 1 Menang"
"1413","Schalke 04","Manchester Utd",0,2,"Team 2 Menang"
"1414","Manchester Utd","Schalke 04",4,1,"Team 1 Menang"
"1415","Real Madrid","Barcelona",0,2,"Team 2 Menang"
"1416","Barcelona","Real Madrid",1,1,"Imbang"
"1417","Chelsea","Manchester Utd",0,1,"Team 2 Menang"
"1418","Manchester Utd","Chelsea",2,1,"Team 1 Menang"
"1419","Barcelona","Shakhtar",5,1,"Team 1 Menang"
"1420","Shakhtar","Barcelona",0,1,"Team 2 Menang"
"1421","Real Madrid","Tottenham",4,0,"Team 1 Menang"
"1422","Tottenham","Real Madrid",0,1,"Team 2 Menang"
"1423","Inter","Schalke 04",2,5,"Team 2 Menang"
"1424","Schalke 04","Inter",2,1,"Team 1 Menang"
"1425","Inter","Bayern Munich",0,1,"Team 2 Menang"
"1426","Bayern Munich","Inter",2,3,"Team 2 Menang"
"1427","FC Copenhagen","Chelsea",0,2,"Team 2 Menang"
"1428","Chelsea","FC Copenhagen",0,0,"Imbang"
"1429","Arsenal","Barcelona",2,1,"Team 1 Menang"
"1430","Barcelona","Arsenal",3,1,"Team 1 Menang"
"1431","Marseille","Manchester Utd",0,0,"Imbang"
"1432","Manchester Utd","Marseille",2,1,"Team 1 Menang"
"1433","Milan","Tottenham",0,1,"Team 2 Menang"
"1434","Tottenham","Milan",0,0,"Imbang"
"1435","Lyon","Real Madrid",1,1,"Imbang"
"1436","Real Madrid","Lyon",3,0,"Team 1 Menang"
"1437","Valencia","Schalke 04",1,1,"Imbang"
"1438","Schalke 04","Valencia",3,1,"Team 1 Menang"
"1439","Roma","Shakhtar",2,3,"Team 2 Menang"
"1440","Shakhtar","Roma",3,0,"Team 1 Menang"
"1441","Inter","Bayern Munich",2,0,"Team 1 Menang"
"1442","Bayern Munich","Lyon",1,0,"Team 1 Menang"
"1443","Lyon","Bayern Munich",0,3,"Team 2 Menang"
"1444","Inter","Barcelona",3,1,"Team 1 Menang"
"1445","Barcelona","Inter",1,0,"Team 1 Menang"
"1446","Bayern Munich","Manchester Utd",2,1,"Team 1 Menang"
"1447","Manchester Utd","Bayern Munich",3,2,"Team 1 Menang"
"1448","Lyon","Bordeaux",3,1,"Team 1 Menang"
"1449","Bordeaux","Lyon",1,0,"Team 1 Menang"
"1450","Arsenal","Barcelona",2,2,"Imbang"
"1451","Barcelona","Arsenal",4,1,"Team 1 Menang"
"1452","Inter","CSKA Moscow",1,0,"Team 1 Menang"
"1453","CSKA Moscow","Inter",0,1,"Team 2 Menang"
"1454","Bayern Munich","Fiorentina",2,1,"Team 1 Menang"
"1455","Fiorentina","Bayern Munich",3,2,"Team 1 Menang"
"1456","Olympiacos","Bordeaux",0,1,"Team 2 Menang"
"1457","Bordeaux","Olympiacos",2,1,"Team 1 Menang"
"1458","Porto","Arsenal",2,1,"Team 1 Menang"
"1459","Arsenal","Porto",5,0,"Team 1 Menang"
"1460","Milan","Manchester Utd",2,3,"Team 2 Menang"
"1461","Manchester Utd","Milan",4,0,"Team 1 Menang"
"1462","Stuttgart","Barcelona",1,1,"Imbang"
"1463","Barcelona","Stuttgart",4,0,"Team 1 Menang"
"1464","Lyon","Real Madrid",1,0,"Team 1 Menang"
"1465","Real Madrid","Lyon",1,1,"Imbang"
"1466","CSKA Moscow","Sevilla",1,1,"Imbang"
"1467","Sevilla","CSKA Moscow",1,2,"Team 2 Menang"
"1468","Inter","Chelsea",2,1,"Team 1 Menang"
"1469","Chelsea","Inter",0,1,"Team 2 Menang"
"1470","Barcelona","Manchester Utd",2,0,"Team 1 Menang"
"1471","Manchester Utd","Arsenal",1,0,"Team 1 Menang"
"1472","Arsenal","Manchester Utd",1,3,"Team 2 Menang"
"1473","Barcelona","Chelsea",0,0,"Imbang"
"1474","Chelsea","Barcelona",1,1,"Imbang"
"1475","Barcelona","Bayern Munich",4,0,"Team 1 Menang"
"1476","Bayern Munich","Barcelona",1,1,"Imbang"
"1477","Villarreal","Arsenal",1,1,"Imbang"
"1478","Arsenal","Villarreal",3,0,"Team 1 Menang"
"1479","Manchester Utd","Porto",2,2,"Imbang"
"1480","Porto","Manchester Utd",0,1,"Team 2 Menang"
"1481","Liverpool","Chelsea",1,3,"Team 2 Menang"
"1482","Chelsea","Liverpool",4,4,"Imbang"
"1483","Sporting CP","Bayern Munich",0,5,"Team 2 Menang"
"1484","Bayern Munich","Sporting CP",7,1,"Team 1 Menang"
"1485","Arsenal","Roma",1,0,"Team 1 Menang"
"1486","Roma","Arsenal",1,0,"Team 1 Menang"
"1487","Inter","Manchester Utd",0,0,"Imbang"
"1488","Manchester Utd","Inter",2,0,"Team 1 Menang"
"1489","Lyon","Barcelona",1,1,"Imbang"
"1490","Barcelona","Lyon",5,2,"Team 1 Menang"
"1491","Villarreal","Panathinaikos",1,1,"Imbang"
"1492","Panathinaikos","Villarreal",1,2,"Team 2 Menang"
"1493","Real Madrid","Liverpool",0,1,"Team 2 Menang"
"1494","Liverpool","Real Madrid",4,0,"Team 1 Menang"
"1495","Atlético Madrid","Porto",2,2,"Imbang"
"1496","Porto","Atlético Madrid",0,0,"Imbang"
"1497","Chelsea","Juventus",1,0,"Team 1 Menang"
"1498","Juventus","Chelsea",2,2,"Imbang"
"1499","Manchester Utd","Chelsea",1,1,"Imbang"
"1500","Barcelona","Manchester Utd",0,0,"Imbang"
"1501","Manchester Utd","Barcelona",1,0,"Team 1 Menang"
"1502","Liverpool","Chelsea",1,1,"Imbang"
"1503","Chelsea","Liverpool",3,2,"Team 1 Menang"
"1504","Arsenal","Liverpool",1,1,"Imbang"
"1505","Liverpool","Arsenal",4,2,"Team 1 Menang"
"1506","Roma","Manchester Utd",0,2,"Team 2 Menang"
"1507","Manchester Utd","Roma",1,0,"Team 1 Menang"
"1508","Schalke 04","Barcelona",0,1,"Team 2 Menang"
"1509","Barcelona","Schalke 04",1,0,"Team 1 Menang"
"1510","Fenerbahçe","Chelsea",2,1,"Team 1 Menang"
"1511","Chelsea","Fenerbahçe",2,0,"Team 1 Menang"
"1512","Arsenal","Milan",0,0,"Imbang"
"1513","Milan","Arsenal",0,2,"Team 2 Menang"
"1514","Lyon","Manchester Utd",1,1,"Imbang"
"1515","Manchester Utd","Lyon",1,0,"Team 1 Menang"
"1516","Celtic","Barcelona",2,3,"Team 2 Menang"
"1517","Barcelona","Celtic",1,0,"Team 1 Menang"
"1518","Olympiacos","Chelsea",0,0,"Imbang"
"1519","Chelsea","Olympiacos",3,0,"Team 1 Menang"
"1520","Roma","Real Madrid",2,1,"Team 1 Menang"
"1521","Real Madrid","Roma",1,2,"Team 2 Menang"
"1522","Schalke 04","Porto",1,0,"Team 1 Menang"
"1523","Porto","Schalke 04",1,0,"Team 1 Menang"
"1524","Liverpool","Inter",2,0,"Team 1 Menang"
"1525","Inter","Liverpool",0,1,"Team 2 Menang"
"1526","Fenerbahçe","Sevilla",3,2,"Team 1 Menang"
"1527","Sevilla","Fenerbahçe",3,2,"Team 1 Menang"
"1528","Milan","Liverpool",2,1,"Team 1 Menang"
"1529","Manchester Utd","Milan",3,2,"Team 1 Menang"
"1530","Milan","Manchester Utd",3,0,"Team 1 Menang"
"1531","Chelsea","Liverpool",1,0,"Team 1 Menang"
"1532","Liverpool","Chelsea",1,0,"Team 1 Menang"
"1533","Milan","Bayern Munich",2,2,"Imbang"
"1534","Bayern Munich","Milan",0,2,"Team 2 Menang"
"1535","Roma","Manchester Utd",2,1,"Team 1 Menang"
"1536","Manchester Utd","Roma",7,1,"Team 1 Menang"
"1537","PSV Eindhoven","Liverpool",0,3,"Team 2 Menang"
"1538","Liverpool","PSV Eindhoven",1,0,"Team 1 Menang"
"1539","Chelsea","Valencia",1,1,"Imbang"
"1540","Valencia","Chelsea",1,2,"Team 2 Menang"
"1541","Real Madrid","Bayern Munich",3,2,"Team 1 Menang"
"1542","Bayern Munich","Real Madrid",2,1,"Team 1 Menang"
"1543","PSV Eindhoven","Arsenal",1,0,"Team 1 Menang"
"1544","Arsenal","PSV Eindhoven",1,1,"Imbang"
"1545","Lille","Manchester Utd",0,1,"Team 2 Menang"
"1546","Manchester Utd","Lille",1,0,"Team 1 Menang"
"1547","Barcelona","Liverpool",1,2,"Team 2 Menang"
"1548","Liverpool","Barcelona",0,1,"Team 2 Menang"
"1549","Porto","Chelsea",1,1,"Imbang"
"1550","Chelsea","Porto",2,1,"Team 1 Menang"
"1551","Celtic","Milan",0,0,"Imbang"
"1552","Milan","Celtic",1,0,"Team 1 Menang"
"1553","Roma","Lyon",0,0,"Imbang"
"1554","Lyon","Roma",0,2,"Team 2 Menang"
"1555","Inter","Valencia",2,2,"Imbang"
"1556","Valencia","Inter",0,0,"Imbang"
"1557","Barcelona","Arsenal",2,1,"Team 1 Menang"
"1558","Arsenal","Villarreal",1,0,"Team 1 Menang"
"1559","Villarreal","Arsenal",0,0,"Imbang"
"1560","Milan","Barcelona",0,1,"Team 2 Menang"
"1561","Barcelona","Milan",0,0,"Imbang"
"1562","Arsenal","Juventus",2,0,"Team 1 Menang"
"1563","Juventus","Arsenal",0,0,"Imbang"
"1564","Benfica","Barcelona",0,0,"Imbang"
"1565","Barcelona","Benfica",2,0,"Team 1 Menang"
"1566","Inter","Villarreal",2,1,"Team 1 Menang"
"1567","Villarreal","Inter",1,0,"Team 1 Menang"
"1568","Lyon","Milan",0,0,"Imbang"
"1569","Milan","Lyon",3,1,"Team 1 Menang"
"1570","Bayern Munich","Milan",1,1,"Imbang"
"1571","Milan","Bayern Munich",4,1,"Team 1 Menang"
"1572","Real Madrid","Arsenal",0,1,"Team 2 Menang"
"1573","Arsenal","Real Madrid",0,0,"Imbang"
"1574","Ajax","Inter",2,2,"Imbang"
"1575","Inter","Ajax",1,0,"Team 1 Menang"
"1576","Chelsea","Barcelona",1,2,"Team 2 Menang"
"1577","Barcelona","Chelsea",1,1,"Imbang"
"1578","Rangers","Villarreal",2,2,"Imbang"
"1579","Villarreal","Rangers",1,1,"Imbang"
"1580","Werder Bremen","Juventus",3,2,"Team 1 Menang"
"1581","Juventus","Werder Bremen",2,1,"Team 1 Menang"
"1582","Benfica","Liverpool",1,0,"Team 1 Menang"
"1583","Liverpool","Benfica",0,2,"Team 2 Menang"
"1584","PSV Eindhoven","Lyon",0,1,"Team 2 Menang"
"1585","Lyon","PSV Eindhoven",4,0,"Team 1 Menang"
"1586","Liverpool","Milan",3,3,"Imbang"
"1587","Chelsea","Liverpool",0,0,"Imbang"
"1588","Liverpool","Chelsea",1,0,"Team 1 Menang"
"1589","Milan","PSV Eindhoven",2,0,"Team 1 Menang"
"1590","PSV Eindhoven","Milan",3,1,"Team 1 Menang"
"1591","Chelsea","Bayern Munich",4,2,"Team 1 Menang"
"1592","Bayern Munich","Chelsea",3,2,"Team 1 Menang"
"1593","Liverpool","Juventus",2,1,"Team 1 Menang"
"1594","Juventus","Liverpool",0,0,"Imbang"
"1595","Lyon","PSV Eindhoven",1,1,"Imbang"
"1596","PSV Eindhoven","Lyon",1,1,"Imbang"
"1597","Milan","Inter",2,0,"Team 1 Menang"
"1598","Inter","Milan",0,3,"Team 2 Menang"
"1599","Bayern Munich","Arsenal",3,1,"Team 1 Menang"
"1600","Arsenal","Bayern Munich",1,0,"Team 1 Menang"
"1601","Manchester Utd","Milan",0,1,"Team 2 Menang"
"1602","Milan","Manchester Utd",1,0,"Team 1 Menang"
"1603","Barcelona","Chelsea",2,1,"Team 1 Menang"
"1604","Chelsea","Barcelona",4,2,"Team 1 Menang"
"1605","Real Madrid","Juventus",1,0,"Team 1 Menang"
"1606","Juventus","Real Madrid",2,0,"Team 1 Menang"
"1607","Porto","Inter",1,1,"Imbang"
"1608","Inter","Porto",3,1,"Team 1 Menang"
"1609","Werder Bremen","Lyon",0,3,"Team 2 Menang"
"1610","Lyon","Werder Bremen",7,2,"Team 1 Menang"
"1611","Liverpool","Leverkusen",3,1,"Team 1 Menang"
"1612","Leverkusen","Liverpool",1,3,"Team 2 Menang"
"1613","PSV Eindhoven","Monaco",1,0,"Team 1 Menang"
"1614","Monaco","PSV Eindhoven",0,2,"Team 2 Menang"
"1615","Porto","Monaco",3,0,"Team 1 Menang"
"1616","Porto","La Coruña",0,0,"Imbang"
"1617","La Coruña","Porto",0,1,"Team 2 Menang"
"1618","Monaco","Chelsea",3,1,"Team 1 Menang"
"1619","Chelsea","Monaco",2,2,"Imbang"
"1620","Chelsea","Arsenal",1,1,"Imbang"
"1621","Arsenal","Chelsea",1,2,"Team 2 Menang"
"1622","Milan","La Coruña",4,1,"Team 1 Menang"
"1623","La Coruña","Milan",4,0,"Team 1 Menang"
"1624","Real Madrid","Monaco",4,2,"Team 1 Menang"
"1625","Monaco","Real Madrid",3,1,"Team 1 Menang"
"1626","Porto","Lyon",2,0,"Team 1 Menang"
"1627","Lyon","Porto",2,2,"Imbang"
"1628","Bayern Munich","Real Madrid",1,1,"Imbang"
"1629","Real Madrid","Bayern Munich",1,0,"Team 1 Menang"
"1630","Celta Vigo","Arsenal",2,3,"Team 2 Menang"
"1631","Arsenal","Celta Vigo",2,0,"Team 1 Menang"
"1632","Porto","Manchester Utd",2,1,"Team 1 Menang"
"1633","Manchester Utd","Porto",1,1,"Imbang"
"1634","La Coruña","Juventus",1,0,"Team 1 Menang"
"1635","Juventus","La Coruña",0,1,"Team 2 Menang"
"1636","Stuttgart","Chelsea",0,1,"Team 2 Menang"
"1637","Chelsea","Stuttgart",0,0,"Imbang"
"1638","Loko Moscow","Monaco",2,1,"Team 1 Menang"
"1639","Monaco","Loko Moscow",1,0,"Team 1 Menang"
"1640","Real Sociedad","Lyon",0,1,"Team 2 Menang"
"1641","Lyon","Real Sociedad",1,0,"Team 1 Menang"
"1642","Sparta Prague","Milan",0,0,"Imbang"
"1643","Milan","Sparta Prague",4,1,"Team 1 Menang"
"1644","Milan","Juventus",0,0,"Imbang"
"1645","Real Madrid","Juventus",2,1,"Team 1 Menang"
"1646","Juventus","Real Madrid",3,1,"Team 1 Menang"
"1647","Milan","Inter",0,0,"Imbang"
"1648","Inter","Milan",1,1,"Imbang"
"1649","Real Madrid","Manchester Utd",3,1,"Team 1 Menang"
"1650","Manchester Utd","Real Madrid",4,3,"Team 1 Menang"
"1651","Ajax","Milan",0,0,"Imbang"
"1652","Milan","Ajax",3,2,"Team 1 Menang"
"1653","Juventus","Barcelona",1,1,"Imbang"
"1654","Barcelona","Juventus",1,2,"Team 2 Menang"
"1655","Inter","Valencia",1,0,"Team 1 Menang"
"1656","Valencia","Inter",2,1,"Team 1 Menang"
